sample_id,speaker,wav_sentence_id,target_sentence_id,is_correct_target,duration_ratio,wav_path,cache_path
correct_001,jvs002,1,1,True,0.97778,/Users/ryukayuiii/Documents/jp_speech_eval_project/JVS/jvs002/parallel100/wav24kHz16bit/VOICEACTRESS100_001.wav,/Users/ryukayuiii/Documents/jp_speech_eval_project/ver1.3/reports/tier0_batch3_reference_cache/VOICEACTRESS100_001/ref_jvs001_3471c4df0e
correct_002,jvs003,2,2,True,1.26755,/Users/ryukayuiii/Documents/jp_speech_eval_project/JVS/jvs003/parallel100/wav24kHz16bit/VOICEACTRESS100_002.wav,/Users/ryukayuiii/Documents/jp_speech_eval_project/ver1.3/reports/tier0_batch3_reference_cache/VOICEACTRESS100_002/ref_jvs001_8c1c3bb172
correct_003,jvs002,3,3,True,1.10845,/Users/ryukayuiii/Documents/jp_speech_eval_project/JVS/jvs002/parallel100/wav24kHz16bit/VOICEACTRESS100_003.wav,/Users/ryukayuiii/Documents/jp_speech_eval_project/ver1.3/reports/tier0_batch3_reference_cache/VOICEACTRESS100_003/ref_jvs001_294466d72d
correct_004,jvs003,4,4,True,1.25847,/Users/ryukayuiii/Documents/jp_speech_eval_project/JVS/jvs003/parallel100/wav24kHz16bit/VOICEACTRESS100_004.wav,/Users/ryukayuiii/Documents/jp_speech_eval_project/ver1.3/reports/tier0_batch3_reference_cache/VOICEACTRESS100_004/ref_jvs001_1dc1b21560
correct_005,jvs002,5,5,True,1.01287,/Users/ryukayuiii/Documents/jp_speech_eval_project/JVS/jvs002/parallel100/wav24kHz16bit/VOICEACTRESS100_005.wav,/Users/ryukayuiii/Documents/jp_speech_eval_project/ver1.3/reports/tier0_batch3_reference_cache/VOICEACTRESS100_005/ref_jvs001_97b65d9963
correct_006,jvs003,6,6,True,1.40517,/Users/ryukayuiii/Documents/jp_speech_eval_project/JVS/jvs003/parallel100/wav24kHz16bit/VOICEACTRESS100_006.wav,/Users/ryukayuiii/Documents/jp_speech_eval_project/ver1.3/reports/tier0_batch3_reference_cache/VOICEACTRESS100_006/ref_jvs001_87e6a49451
correct_007,jvs002,7,7,True,1.04623,/Users/ryukayuiii/Documents/jp_speech_eval_project/JVS/jvs002/parallel100/wav24kHz16bit/VOICEACTRESS100_007.wav,/Users/ryukayuiii/Documents/jp_speech_eval_project/ver1.3/reports/tier0_batch3_reference_cache/VOICEACTRESS100_007/ref_jvs001_2602299ec5
correct_008,jvs003,8,8,True,1.23743,/Users/ryukayuiii/Documents/jp_speech_eval_project/JVS/jvs003/parallel100/wav24kHz16bit/VOICEACTRESS100_008.wav,/Users/ryukayuiii/Documents/jp_speech_eval_project/ver1.3/reports/tier0_batch3_reference_cache/VOICEACTRESS100_008/ref_jvs001_ee92f46212
correct_009,jvs002,9,9,True,1.14054,/Users/ryukayuiii/Documents/jp_speech_eval_project/JVS/jvs002/parallel100/wav24kHz16bit/VOICEACTRESS100_009.wav,/Users/ryukayuiii/Documents/jp_speech_eval_project/ver1.3/reports/tier0_batch3_reference_cache/VOICEACTRESS100_009/ref_jvs001_c34c5ddc46
correct_010,jvs003,10,10,True,1.39041,/Users/ryukayuiii/Documents/jp_speech_eval_project/JVS/jvs003/parallel100/wav24kHz16bit/VOICEACTRESS100_010.wav,/Users/ryukayuiii/Documents/jp_speech_eval_project/ver1.3/reports/tier0_batch3_reference_cache/VOICEACTRESS100_010/ref_jvs001_24c391d47a
correct_011,jvs002,11,11,True,1.15819,/Users/ryukayuiii/Documents/jp_speech_eval_project/JVS/jvs002/parallel100/wav24kHz16bit/VOICEACTRESS100_011.wav,/Users/ryukayuiii/Documents/jp_speech_eval_project/ver1.3/reports/tier0_batch3_reference_cache/VOICEACTRESS100_011/ref_jvs001_178d6ef9ea
correct_012,jvs003,12,12,True,1.3251,/Users/ryukayuiii/Documents/jp_speech_eval_project/JVS/jvs003/parallel100/wav24kHz16bit/VOICEACTRESS100_012.wav,/Users/ryukayuiii/Documents/jp_speech_eval_project/ver1.3/reports/tier0_batch3_reference_cache/VOICEACTRESS100_012/ref_jvs001_4545d3cb27
correct_013,jvs002,13,13,True,1.2103,/Users/ryukayuiii/Documents/jp_speech_eval_project/JVS/jvs002/parallel100/wav24kHz16bit/VOICEACTRESS100_013.wav,/Users/ryukayuiii/Documents/jp_speech_eval_project/ver1.3/reports/tier0_batch3_reference_cache/VOICEACTRESS100_013/ref_jvs001_708b77439b
correct_014,jvs003,14,14,True,1.45246,/Users/ryukayuiii/Documents/jp_speech_eval_project/JVS/jvs003/parallel100/wav24kHz16bit/VOICEACTRESS100_014.wav,/Users/ryukayuiii/Documents/jp_speech_eval_project/ver1.3/reports/tier0_batch3_reference_cache/VOICEACTRESS100_014/ref_jvs001_1b671a3265
correct_015,jvs002,15,15,True,1.1013,/Users/ryukayuiii/Documents/jp_speech_eval_project/JVS/jvs002/parallel100/wav24kHz16bit/VOICEACTRESS100_015.wav,/Users/ryukayuiii/Documents/jp_speech_eval_project/ver1.3/reports/tier0_batch3_reference_cache/VOICEACTRESS100_015/ref_jvs001_5228063f1c
correct_016,jvs003,16,16,True,1.33075,/Users/ryukayuiii/Documents/jp_speech_eval_project/JVS/jvs003/parallel100/wav24kHz16bit/VOICEACTRESS100_016.wav,/Users/ryukayuiii/Documents/jp_speech_eval_project/ver1.3/reports/tier0_batch3_reference_cache/VOICEACTRESS100_016/ref_jvs001_c43c761ec8
correct_017,jvs002,17,17,True,1.08143,/Users/ryukayuiii/Documents/jp_speech_eval_project/JVS/jvs002/parallel100/wav24kHz16bit/VOICEACTRESS100_017.wav,/Users/ryukayuiii/Documents/jp_speech_eval_project/ver1.3/reports/tier0_batch3_reference_cache/VOICEACTRESS100_017/ref_jvs001_06de25e250
correct_018,jvs003,18,18,True,1.30926,/Users/ryukayuiii/Documents/jp_speech_eval_project/JVS/jvs003/parallel100/wav24kHz16bit/VOICEACTRESS100_018.wav,/Users/ryukayuiii/Documents/jp_speech_eval_project/ver1.3/reports/tier0_batch3_reference_cache/VOICEACTRESS100_018/ref_jvs001_cd056e864c
correct_019,jvs002,19,19,True,1.11594,/Users/ryukayuiii/Documents/jp_speech_eval_project/JVS/jvs002/parallel100/wav24kHz16bit/VOICEACTRESS100_019.wav,/Users/ryukayuiii/Documents/jp_speech_eval_project/ver1.3/reports/tier0_batch3_reference_cache/VOICEACTRESS100_019/ref_jvs001_efd87f67df
correct_020,jvs003,20,20,True,1.31151,/Users/ryukayuiii/Documents/jp_speech_eval_project/JVS/jvs003/parallel100/wav24kHz16bit/VOICEACTRESS100_020.wav,/Users/ryukayuiii/Documents/jp_speech_eval_project/ver1.3/reports/tier0_batch3_reference_cache/VOICEACTRESS100_020/ref_jvs001_0657239bba
correct_021,jvs001,1,1,True,1.12253,/Users/ryukayuiii/Documents/jp_speech_eval_project/JVS/jvs001/parallel100/wav24kHz16bit/VOICEACTRESS100_001.wav,/Users/ryukayuiii/Documents/jp_speech_eval_project/ver1.3/reports/tier0_batch3_reference_cache/VOICEACTRESS100_001/ref_jvs001_3471c4df0e
correct_022,jvs001,2,2,True,1.11528,/Users/ryukayuiii/Documents/jp_speech_eval_project/JVS/jvs001/parallel100/wav24kHz16bit/VOICEACTRESS100_002.wav,/Users/ryukayuiii/Documents/jp_speech_eval_project/ver1.3/reports/tier0_batch3_reference_cache/VOICEACTRESS100_002/ref_jvs001_8c1c3bb172
correct_023,jvs001,3,3,True,1.17292,/Users/ryukayuiii/Documents/jp_speech_eval_project/JVS/jvs001/parallel100/wav24kHz16bit/VOICEACTRESS100_003.wav,/Users/ryukayuiii/Documents/jp_speech_eval_project/ver1.3/reports/tier0_batch3_reference_cache/VOICEACTRESS100_003/ref_jvs001_294466d72d
correct_024,jvs001,4,4,True,1.19217,/Users/ryukayuiii/Documents/jp_speech_eval_project/JVS/jvs001/parallel100/wav24kHz16bit/VOICEACTRESS100_004.wav,/Users/ryukayuiii/Documents/jp_speech_eval_project/ver1.3/reports/tier0_batch3_reference_cache/VOICEACTRESS100_004/ref_jvs001_1dc1b21560
correct_025,jvs001,5,5,True,1.08169,/Users/ryukayuiii/Documents/jp_speech_eval_project/JVS/jvs001/parallel100/wav24kHz16bit/VOICEACTRESS100_005.wav,/Users/ryukayuiii/Documents/jp_speech_eval_project/ver1.3/reports/tier0_batch3_reference_cache/VOICEACTRESS100_005/ref_jvs001_97b65d9963
correct_026,jvs001,6,6,True,1.24214,/Users/ryukayuiii/Documents/jp_speech_eval_project/JVS/jvs001/parallel100/wav24kHz16bit/VOICEACTRESS100_006.wav,/Users/ryukayuiii/Documents/jp_speech_eval_project/ver1.3/reports/tier0_batch3_reference_cache/VOICEACTRESS100_006/ref_jvs001_87e6a49451
correct_027,jvs001,7,7,True,1.1194,/Users/ryukayuiii/Documents/jp_speech_eval_project/JVS/jvs001/parallel100/wav24kHz16bit/VOICEACTRESS100_007.wav,/Users/ryukayuiii/Documents/jp_speech_eval_project/ver1.3/reports/tier0_batch3_reference_cache/VOICEACTRESS100_007/ref_jvs001_2602299ec5
correct_028,jvs001,8,8,True,1.12904,/Users/ryukayuiii/Documents/jp_speech_eval_project/JVS/jvs001/parallel100/wav24kHz16bit/VOICEACTRESS100_008.wav,/Users/ryukayuiii/Documents/jp_speech_eval_project/ver1.3/reports/tier0_batch3_reference_cache/VOICEACTRESS100_008/ref_jvs001_ee92f46212
correct_029,jvs001,9,9,True,1.1526,/Users/ryukayuiii/Documents/jp_speech_eval_project/JVS/jvs001/parallel100/wav24kHz16bit/VOICEACTRESS100_009.wav,/Users/ryukayuiii/Documents/jp_speech_eval_project/ver1.3/reports/tier0_batch3_reference_cache/VOICEACTRESS100_009/ref_jvs001_c34c5ddc46
correct_030,jvs001,10,10,True,1.23805,/Users/ryukayuiii/Documents/jp_speech_eval_project/JVS/jvs001/parallel100/wav24kHz16bit/VOICEACTRESS100_010.wav,/Users/ryukayuiii/Documents/jp_speech_eval_project/ver1.3/reports/tier0_batch3_reference_cache/VOICEACTRESS100_010/ref_jvs001_24c391d47a
hard_wrong_001,jvs003,13,18,False,1.00056,/Users/ryukayuiii/Documents/jp_speech_eval_project/JVS/jvs003/parallel100/wav24kHz16bit/VOICEACTRESS100_013.wav,/Users/ryukayuiii/Documents/jp_speech_eval_project/ver1.3/reports/tier0_batch3_reference_cache/VOICEACTRESS100_018/ref_jvs001_cd056e864c
hard_wrong_002,jvs002,11,19,False,0.99933,/Users/ryukayuiii/Documents/jp_speech_eval_project/JVS/jvs002/parallel100/wav24kHz16bit/VOICEACTRESS100_011.wav,/Users/ryukayuiii/Documents/jp_speech_eval_project/ver1.3/reports/tier0_batch3_reference_cache/VOICEACTRESS100_019/ref_jvs001_efd87f67df
hard_wrong_003,jvs001,20,8,False,1.0008,/Users/ryukayuiii/Documents/jp_speech_eval_project/JVS/jvs001/parallel100/wav24kHz16bit/VOICEACTRESS100_020.wav,/Users/ryukayuiii/Documents/jp_speech_eval_project/ver1.3/reports/tier0_batch3_reference_cache/VOICEACTRESS100_008/ref_jvs001_ee92f46212
hard_wrong_004,jvs003,9,1,False,1.0019,/Users/ryukayuiii/Documents/jp_speech_eval_project/JVS/jvs003/parallel100/wav24kHz16bit/VOICEACTRESS100_009.wav,/Users/ryukayuiii/Documents/jp_speech_eval_project/ver1.3/reports/tier0_batch3_reference_cache/VOICEACTRESS100_001/ref_jvs001_3471c4df0e
hard_wrong_005,jvs003,10,9,False,1.00377,/Users/ryukayuiii/Documents/jp_speech_eval_project/JVS/jvs003/parallel100/wav24kHz16bit/VOICEACTRESS100_010.wav,/Users/ryukayuiii/Documents/jp_speech_eval_project/ver1.3/reports/tier0_batch3_reference_cache/VOICEACTRESS100_009/ref_jvs001_c34c5ddc46
hard_wrong_006,jvs002,17,11,False,1.00379,/Users/ryukayuiii/Documents/jp_speech_eval_project/JVS/jvs002/parallel100/wav24kHz16bit/VOICEACTRESS100_017.wav,/Users/ryukayuiii/Documents/jp_speech_eval_project/ver1.3/reports/tier0_batch3_reference_cache/VOICEACTRESS100_011/ref_jvs001_178d6ef9ea
hard_wrong_007,jvs003,11,2,False,0.99528,/Users/ryukayuiii/Documents/jp_speech_eval_project/JVS/jvs003/parallel100/wav24kHz16bit/VOICEACTRESS100_011.wav,/Users/ryukayuiii/Documents/jp_speech_eval_project/ver1.3/reports/tier0_batch3_reference_cache/VOICEACTRESS100_002/ref_jvs001_8c1c3bb172
hard_wrong_008,jvs002,4,20,False,1.00546,/Users/ryukayuiii/Documents/jp_speech_eval_project/JVS/jvs002/parallel100/wav24kHz16bit/VOICEACTRESS100_004.wav,/Users/ryukayuiii/Documents/jp_speech_eval_project/ver1.3/reports/tier0_batch3_reference_cache/VOICEACTRESS100_020/ref_jvs001_0657239bba
hard_wrong_009,jvs001,6,13,False,1.00554,/Users/ryukayuiii/Documents/jp_speech_eval_project/JVS/jvs001/parallel100/wav24kHz16bit/VOICEACTRESS100_006.wav,/Users/ryukayuiii/Documents/jp_speech_eval_project/ver1.3/reports/tier0_batch3_reference_cache/VOICEACTRESS100_013/ref_jvs001_708b77439b
hard_wrong_010,jvs001,11,19,False,1.00593,/Users/ryukayuiii/Documents/jp_speech_eval_project/JVS/jvs001/parallel100/wav24kHz16bit/VOICEACTRESS100_011.wav,/Users/ryukayuiii/Documents/jp_speech_eval_project/ver1.3/reports/tier0_batch3_reference_cache/VOICEACTRESS100_019/ref_jvs001_efd87f67df
hard_wrong_011,jvs002,3,9,False,1.00768,/Users/ryukayuiii/Documents/jp_speech_eval_project/JVS/jvs002/parallel100/wav24kHz16bit/VOICEACTRESS100_003.wav,/Users/ryukayuiii/Documents/jp_speech_eval_project/ver1.3/reports/tier0_batch3_reference_cache/VOICEACTRESS100_009/ref_jvs001_c34c5ddc46
hard_wrong_012,jvs001,3,20,False,0.99203,/Users/ryukayuiii/Documents/jp_speech_eval_project/JVS/jvs001/parallel100/wav24kHz16bit/VOICEACTRESS100_003.wav,/Users/ryukayuiii/Documents/jp_speech_eval_project/ver1.3/reports/tier0_batch3_reference_cache/VOICEACTRESS100_020/ref_jvs001_0657239bba
hard_wrong_013,jvs003,11,7,False,0.99139,/Users/ryukayuiii/Documents/jp_speech_eval_project/JVS/jvs003/parallel100/wav24kHz16bit/VOICEACTRESS100_011.wav,/Users/ryukayuiii/Documents/jp_speech_eval_project/ver1.3/reports/tier0_batch3_reference_cache/VOICEACTRESS100_007/ref_jvs001_2602299ec5
hard_wrong_014,jvs002,10,16,False,1.00895,/Users/ryukayuiii/Documents/jp_speech_eval_project/JVS/jvs002/parallel100/wav24kHz16bit/VOICEACTRESS100_010.wav,/Users/ryukayuiii/Documents/jp_speech_eval_project/ver1.3/reports/tier0_batch3_reference_cache/VOICEACTRESS100_016/ref_jvs001_c43c761ec8
hard_wrong_015,jvs003,12,19,False,0.99089,/Users/ryukayuiii/Documents/jp_speech_eval_project/JVS/jvs003/parallel100/wav24kHz16bit/VOICEACTRESS100_012.wav,/Users/ryukayuiii/Documents/jp_speech_eval_project/ver1.3/reports/tier0_batch3_reference_cache/VOICEACTRESS100_019/ref_jvs001_efd87f67df
hard_wrong_016,jvs003,15,11,False,1.00966,/Users/ryukayuiii/Documents/jp_speech_eval_project/JVS/jvs003/parallel100/wav24kHz16bit/VOICEACTRESS100_015.wav,/Users/ryukayuiii/Documents/jp_speech_eval_project/ver1.3/reports/tier0_batch3_reference_cache/VOICEACTRESS100_011/ref_jvs001_178d6ef9ea
hard_wrong_017,jvs002,12,17,False,1.00974,/Users/ryukayuiii/Documents/jp_speech_eval_project/JVS/jvs002/parallel100/wav24kHz16bit/VOICEACTRESS100_012.wav,/Users/ryukayuiii/Documents/jp_speech_eval_project/ver1.3/reports/tier0_batch3_reference_cache/VOICEACTRESS100_017/ref_jvs001_06de25e250
hard_wrong_018,jvs001,16,11,False,1.01024,/Users/ryukayuiii/Documents/jp_speech_eval_project/JVS/jvs001/parallel100/wav24kHz16bit/VOICEACTRESS100_016.wav,/Users/ryukayuiii/Documents/jp_speech_eval_project/ver1.3/reports/tier0_batch3_reference_cache/VOICEACTRESS100_011/ref_jvs001_178d6ef9ea
hard_wrong_019,jvs001,4,18,False,0.98961,/Users/ryukayuiii/Documents/jp_speech_eval_project/JVS/jvs001/parallel100/wav24kHz16bit/VOICEACTRESS100_004.wav,/Users/ryukayuiii/Documents/jp_speech_eval_project/ver1.3/reports/tier0_batch3_reference_cache/VOICEACTRESS100_018/ref_jvs001_cd056e864c
hard_wrong_020,jvs003,6,12,False,0.98944,/Users/ryukayuiii/Documents/jp_speech_eval_project/JVS/jvs003/parallel100/wav24kHz16bit/VOICEACTRESS100_006.wav,/Users/ryukayuiii/Documents/jp_speech_eval_project/ver1.3/reports/tier0_batch3_reference_cache/VOICEACTRESS100_012/ref_jvs001_4545d3cb27
hard_wrong_021,jvs001,15,17,False,0.98912,/Users/ryukayuiii/Documents/jp_speech_eval_project/JVS/jvs001/parallel100/wav24kHz16bit/VOICEACTRESS100_015.wav,/Users/ryukayuiii/Documents/jp_speech_eval_project/ver1.3/reports/tier0_batch3_reference_cache/VOICEACTRESS100_017/ref_jvs001_06de25e250
hard_wrong_022,jvs002,19,2,False,0.98903,/Users/ryukayuiii/Documents/jp_speech_eval_project/JVS/jvs002/parallel100/wav24kHz16bit/VOICEACTRESS100_019.wav,/Users/ryukayuiii/Documents/jp_speech_eval_project/ver1.3/reports/tier0_batch3_reference_cache/VOICEACTRESS100_002/ref_jvs001_8c1c3bb172
hard_wrong_023,jvs001,10,12,False,0.98897,/Users/ryukayuiii/Documents/jp_speech_eval_project/JVS/jvs001/parallel100/wav24kHz16bit/VOICEACTRESS100_010.wav,/Users/ryukayuiii/Documents/jp_speech_eval_project/ver1.3/reports/tier0_batch3_reference_cache/VOICEACTRESS100_012/ref_jvs001_4545d3cb27
hard_wrong_024,jvs001,19,7,False,1.01142,/Users/ryukayuiii/Documents/jp_speech_eval_project/JVS/jvs001/parallel100/wav24kHz16bit/VOICEACTRESS100_019.wav,/Users/ryukayuiii/Documents/jp_speech_eval_project/ver1.3/reports/tier0_batch3_reference_cache/VOICEACTRESS100_007/ref_jvs001_2602299ec5
hard_wrong_025,jvs001,11,8,False,0.98844,/Users/ryukayuiii/Documents/jp_speech_eval_project/JVS/jvs001/parallel100/wav24kHz16bit/VOICEACTRESS100_011.wav,/Users/ryukayuiii/Documents/jp_speech_eval_project/ver1.3/reports/tier0_batch3_reference_cache/VOICEACTRESS100_008/ref_jvs001_ee92f46212
hard_wrong_026,jvs001,13,17,False,1.01192,/Users/ryukayuiii/Documents/jp_speech_eval_project/JVS/jvs001/parallel100/wav24kHz16bit/VOICEACTRESS100_013.wav,/Users/ryukayuiii/Documents/jp_speech_eval_project/ver1.3/reports/tier0_batch3_reference_cache/VOICEACTRESS100_017/ref_jvs001_06de25e250
hard_wrong_027,jvs002,18,8,False,1.01267,/Users/ryukayuiii/Documents/jp_speech_eval_project/JVS/jvs002/parallel100/wav24kHz16bit/VOICEACTRESS100_018.wav,/Users/ryukayuiii/Documents/jp_speech_eval_project/ver1.3/reports/tier0_batch3_reference_cache/VOICEACTRESS100_008/ref_jvs001_ee92f46212
hard_wrong_028,jvs001,12,20,False,0.98706,/Users/ryukayuiii/Documents/jp_speech_eval_project/JVS/jvs001/parallel100/wav24kHz16bit/VOICEACTRESS100_012.wav,/Users/ryukayuiii/Documents/jp_speech_eval_project/ver1.3/reports/tier0_batch3_reference_cache/VOICEACTRESS100_020/ref_jvs001_0657239bba
hard_wrong_029,jvs001,4,20,False,1.01423,/Users/ryukayuiii/Documents/jp_speech_eval_project/JVS/jvs001/parallel100/wav24kHz16bit/VOICEACTRESS100_004.wav,/Users/ryukayuiii/Documents/jp_speech_eval_project/ver1.3/reports/tier0_batch3_reference_cache/VOICEACTRESS100_020/ref_jvs001_0657239bba
hard_wrong_030,jvs001,8,7,False,1.01437,/Users/ryukayuiii/Documents/jp_speech_eval_project/JVS/jvs001/parallel100/wav24kHz16bit/VOICEACTRESS100_008.wav,/Users/ryukayuiii/Documents/jp_speech_eval_project/ver1.3/reports/tier0_batch3_reference_cache/VOICEACTRESS100_007/ref_jvs001_2602299ec5
hard_wrong_031,jvs001,6,15,False,0.98543,/Users/ryukayuiii/Documents/jp_speech_eval_project/JVS/jvs001/parallel100/wav24kHz16bit/VOICEACTRESS100_006.wav,/Users/ryukayuiii/Documents/jp_speech_eval_project/ver1.3/reports/tier0_batch3_reference_cache/VOICEACTRESS100_015/ref_jvs001_5228063f1c
hard_wrong_032,jvs002,19,7,False,0.98517,/Users/ryukayuiii/Documents/jp_speech_eval_project/JVS/jvs002/parallel100/wav24kHz16bit/VOICEACTRESS100_019.wav,/Users/ryukayuiii/Documents/jp_speech_eval_project/ver1.3/reports/tier0_batch3_reference_cache/VOICEACTRESS100_007/ref_jvs001_2602299ec5
hard_wrong_033,jvs001,19,2,False,1.01539,/Users/ryukayuiii/Documents/jp_speech_eval_project/JVS/jvs001/parallel100/wav24kHz16bit/VOICEACTRESS100_019.wav,/Users/ryukayuiii/Documents/jp_speech_eval_project/ver1.3/reports/tier0_batch3_reference_cache/VOICEACTRESS100_002/ref_jvs001_8c1c3bb172
hard_wrong_034,jvs001,18,1,False,0.98436,/Users/ryukayuiii/Documents/jp_speech_eval_project/JVS/jvs001/parallel100/wav24kHz16bit/VOICEACTRESS100_018.wav,/Users/ryukayuiii/Documents/jp_speech_eval_project/ver1.3/reports/tier0_batch3_reference_cache/VOICEACTRESS100_001/ref_jvs001_3471c4df0e
hard_wrong_035,jvs002,20,19,False,0.98418,/Users/ryukayuiii/Documents/jp_speech_eval_project/JVS/jvs002/parallel100/wav24kHz16bit/VOICEACTRESS100_020.wav,/Users/ryukayuiii/Documents/jp_speech_eval_project/ver1.3/reports/tier0_batch3_reference_cache/VOICEACTRESS100_019/ref_jvs001_efd87f67df
hard_wrong_036,jvs003,6,3,False,0.98362,/Users/ryukayuiii/Documents/jp_speech_eval_project/JVS/jvs003/parallel100/wav24kHz16bit/VOICEACTRESS100_006.wav,/Users/ryukayuiii/Documents/jp_speech_eval_project/ver1.3/reports/tier0_batch3_reference_cache/VOICEACTRESS100_003/ref_jvs001_294466d72d
hard_wrong_037,jvs001,10,3,False,0.98316,/Users/ryukayuiii/Documents/jp_speech_eval_project/JVS/jvs001/parallel100/wav24kHz16bit/VOICEACTRESS100_010.wav,/Users/ryukayuiii/Documents/jp_speech_eval_project/ver1.3/reports/tier0_batch3_reference_cache/VOICEACTRESS100_003/ref_jvs001_294466d72d
hard_wrong_038,jvs003,3,18,False,1.01694,/Users/ryukayuiii/Documents/jp_speech_eval_project/JVS/jvs003/parallel100/wav24kHz16bit/VOICEACTRESS100_003.wav,/Users/ryukayuiii/Documents/jp_speech_eval_project/ver1.3/reports/tier0_batch3_reference_cache/VOICEACTRESS100_018/ref_jvs001_cd056e864c
hard_wrong_039,jvs002,13,17,False,0.98295,/Users/ryukayuiii/Documents/jp_speech_eval_project/JVS/jvs002/parallel100/wav24kHz16bit/VOICEACTRESS100_013.wav,/Users/ryukayuiii/Documents/jp_speech_eval_project/ver1.3/reports/tier0_batch3_reference_cache/VOICEACTRESS100_017/ref_jvs001_06de25e250
hard_wrong_040,jvs001,12,11,False,1.01743,/Users/ryukayuiii/Documents/jp_speech_eval_project/JVS/jvs001/parallel100/wav24kHz16bit/VOICEACTRESS100_012.wav,/Users/ryukayuiii/Documents/jp_speech_eval_project/ver1.3/reports/tier0_batch3_reference_cache/VOICEACTRESS100_011/ref_jvs001_178d6ef9ea
hard_wrong_041,jvs003,17,19,False,0.98196,/Users/ryukayuiii/Documents/jp_speech_eval_project/JVS/jvs003/parallel100/wav24kHz16bit/VOICEACTRESS100_017.wav,/Users/ryukayuiii/Documents/jp_speech_eval_project/ver1.3/reports/tier0_batch3_reference_cache/VOICEACTRESS100_019/ref_jvs001_efd87f67df
hard_wrong_042,jvs002,11,8,False,0.98195,/Users/ryukayuiii/Documents/jp_speech_eval_project/JVS/jvs002/parallel100/wav24kHz16bit/VOICEACTRESS100_011.wav,/Users/ryukayuiii/Documents/jp_speech_eval_project/ver1.3/reports/tier0_batch3_reference_cache/VOICEACTRESS100_008/ref_jvs001_ee92f46212
hard_wrong_043,jvs001,8,2,False,1.01835,/Users/ryukayuiii/Documents/jp_speech_eval_project/JVS/jvs001/parallel100/wav24kHz16bit/VOICEACTRESS100_008.wav,/Users/ryukayuiii/Documents/jp_speech_eval_project/ver1.3/reports/tier0_batch3_reference_cache/VOICEACTRESS100_002/ref_jvs001_8c1c3bb172
hard_wrong_044,jvs002,16,9,False,1.01851,/Users/ryukayuiii/Documents/jp_speech_eval_project/JVS/jvs002/parallel100/wav24kHz16bit/VOICEACTRESS100_016.wav,/Users/ryukayuiii/Documents/jp_speech_eval_project/ver1.3/reports/tier0_batch3_reference_cache/VOICEACTRESS100_009/ref_jvs001_c34c5ddc46
hard_wrong_045,jvs001,20,19,False,1.01851,/Users/ryukayuiii/Documents/jp_speech_eval_project/JVS/jvs001/parallel100/wav24kHz16bit/VOICEACTRESS100_020.wav,/Users/ryukayuiii/Documents/jp_speech_eval_project/ver1.3/reports/tier0_batch3_reference_cache/VOICEACTRESS100_019/ref_jvs001_efd87f67df
hard_wrong_046,jvs002,4,18,False,0.98106,/Users/ryukayuiii/Documents/jp_speech_eval_project/JVS/jvs002/parallel100/wav24kHz16bit/VOICEACTRESS100_004.wav,/Users/ryukayuiii/Documents/jp_speech_eval_project/ver1.3/reports/tier0_batch3_reference_cache/VOICEACTRESS100_018/ref_jvs001_cd056e864c
hard_wrong_047,jvs001,16,20,False,0.98008,/Users/ryukayuiii/Documents/jp_speech_eval_project/JVS/jvs001/parallel100/wav24kHz16bit/VOICEACTRESS100_016.wav,/Users/ryukayuiii/Documents/jp_speech_eval_project/ver1.3/reports/tier0_batch3_reference_cache/VOICEACTRESS100_020/ref_jvs001_0657239bba
hard_wrong_048,jvs002,2,7,False,1.02009,/Users/ryukayuiii/Documents/jp_speech_eval_project/JVS/jvs002/parallel100/wav24kHz16bit/VOICEACTRESS100_002.wav,/Users/ryukayuiii/Documents/jp_speech_eval_project/ver1.3/reports/tier0_batch3_reference_cache/VOICEACTRESS100_007/ref_jvs001_2602299ec5
hard_wrong_049,jvs002,1,8,False,1.02029,/Users/ryukayuiii/Documents/jp_speech_eval_project/JVS/jvs002/parallel100/wav24kHz16bit/VOICEACTRESS100_001.wav,/Users/ryukayuiii/Documents/jp_speech_eval_project/ver1.3/reports/tier0_batch3_reference_cache/VOICEACTRESS100_008/ref_jvs001_ee92f46212
hard_wrong_050,jvs003,15,20,False,0.97952,/Users/ryukayuiii/Documents/jp_speech_eval_project/JVS/jvs003/parallel100/wav24kHz16bit/VOICEACTRESS100_015.wav,/Users/ryukayuiii/Documents/jp_speech_eval_project/ver1.3/reports/tier0_batch3_reference_cache/VOICEACTRESS100_020/ref_jvs001_0657239bba
