sample_id,speaker_id,utterance_id,target_text,target_kana,target_mora_count,audio_path,lab_path,target_mode,alignment_mode,prosody_score,f0_coverage,contour_corr,contour_rmse,transition_agreement,hl_match,accent_drop_match,final_intonation_score,voiced_mora_count,valid_f0_mora_count,pitch_target_source,hl_target_source,pitch_target_consistency,gate_reason,unavailable_reason,component_contour,component_transition,component_final,component_hl,weight_contour,weight_transition,weight_final,weight_hl,notes
jvs001:VOICEACTRESS100_001,jvs001,VOICEACTRESS100_001,また、東寺のように、五大明王と呼ばれる、主要な明王の中央に配されることも多い。,マタトージノヨーニゴダイミョーオートヨバレルシュヨーナミョーオーノチューオーニハイサレルコトモオーイ,46,/Users/ryukayuiii/Documents/jp_speech_eval_project/JVS/jvs001/parallel100/wav24kHz16bit/VOICEACTRESS100_001.wav,/Users/ryukayuiii/Documents/jp_speech_eval_project/JVS/jvs001/parallel100/lab/mon/VOICEACTRESS100_001.lab,current_openjtalk_target,equal,57,0.8478,-0.038551011109396634,1.4409946894054273,0.5588235294117646,0.5128205128205128,0.4444444444444444,100,39,39,openjtalk_accent_phrase_chain,openjtalk_accent_phrase_chain,tool_generated_high,,,0.48246021585975196,0.5588235294117646,1.0,0.5128205128205128,0.55,0.25,0.12,0.08,existing runtime path with trimmed audio and equal mora boundaries
jvs001:VOICEACTRESS100_001,jvs001,VOICEACTRESS100_001,また、東寺のように、五大明王と呼ばれる、主要な明王の中央に配されることも多い。,マタトージノヨーニゴダイミョーオートヨバレルシュヨーナミョーオーノチューオーニハイサレルコトモオーイ,46,/Users/ryukayuiii/Documents/jp_speech_eval_project/JVS/jvs001/parallel100/wav24kHz16bit/VOICEACTRESS100_001.wav,/Users/ryukayuiii/Documents/jp_speech_eval_project/JVS/jvs001/parallel100/lab/mon/VOICEACTRESS100_001.lab,current_openjtalk_target_lab_alignment,lab_or_reference_alignment,55,1.0,0.06515914584731762,1.3680890222527387,0.653061224489796,0.5217391304347826,0.3333333333333333,45,46,46,openjtalk_accent_phrase_chain,openjtalk_accent_phrase_chain,tool_generated_high,,,0.5241773347547557,0.653061224489796,0.45,0.5217391304347826,0.55,0.25,0.12,0.08,JVS monophone lab timing mapped sequentially to target moras; f0_method=pyworld.dio+stonemask; mapping_warnings=none
jvs001:VOICEACTRESS100_001,jvs001,VOICEACTRESS100_001,また、東寺のように、五大明王と呼ばれる、主要な明王の中央に配されることも多い。,マタトージノヨーニゴダイミョーオートヨバレルシュヨーナミョーオーノチューオーニハイサレルコトモオーイ,46,/Users/ryukayuiii/Documents/jp_speech_eval_project/JVS/jvs001/parallel100/wav24kHz16bit/VOICEACTRESS100_001.wav,/Users/ryukayuiii/Documents/jp_speech_eval_project/JVS/jvs001/parallel100/lab/mon/VOICEACTRESS100_001.lab,self_oracle_contour_target,lab_or_reference_alignment,100,1.0,1.0,0.0,1.0,1.0,,100,46,46,tts_reference,manual,trusted,,,1.0,1.0,1.0,1.0,0.43,0.25,0.12,0.2,same native mora-level F0 used as both user contour and reference target
jvs001:VOICEACTRESS100_001,jvs001,VOICEACTRESS100_001,また、東寺のように、五大明王と呼ばれる、主要な明王の中央に配されることも多い。,マタトージノヨーニゴダイミョーオートヨバレルシュヨーナミョーオーノチューオーニハイサレルコトモオーイ,46,/Users/ryukayuiii/Documents/jp_speech_eval_project/JVS/jvs001/parallel100/wav24kHz16bit/VOICEACTRESS100_001.wav,/Users/ryukayuiii/Documents/jp_speech_eval_project/JVS/jvs001/parallel100/lab/mon/VOICEACTRESS100_001.lab,smoothed_self_target,lab_or_reference_alignment,87,1.0,0.9496012445040226,0.3174862272752322,0.8933518005540166,0.9565217391304348,1.0,45,46,46,tts_reference,manual,trusted,,,0.9383250886508667,0.8933518005540166,0.45,0.9565217391304348,0.43,0.25,0.12,0.2,same native contour smoothed with a 3-point mora-level kernel as reference target
jvs001:VOICEACTRESS100_001,jvs001,VOICEACTRESS100_001,また、東寺のように、五大明王と呼ばれる、主要な明王の中央に配されることも多い。,マタトージノヨーニゴダイミョーオートヨバレルシュヨーナミョーオーノチューオーニハイサレルコトモオーイ,46,/Users/ryukayuiii/Documents/jp_speech_eval_project/JVS/jvs001/parallel100/wav24kHz16bit/VOICEACTRESS100_001.wav,/Users/ryukayuiii/Documents/jp_speech_eval_project/JVS/jvs001/parallel100/lab/mon/VOICEACTRESS100_001.lab,shifted_self_target_-1_mora,lab_or_reference_alignment,74,1.0,0.578693400198044,0.9020986757997832,0.5974212034383953,0.7608695652173914,0.5,100,46,46,tts_reference,manual,trusted,,,0.7436305146181725,0.5974212034383953,1.0,0.7608695652173914,0.43,0.25,0.12,0.2,self reference shifted by one mora to quantify alignment sensitivity
jvs001:VOICEACTRESS100_001,jvs001,VOICEACTRESS100_001,また、東寺のように、五大明王と呼ばれる、主要な明王の中央に配されることも多い。,マタトージノヨーニゴダイミョーオートヨバレルシュヨーナミョーオーノチューオーニハイサレルコトモオーイ,46,/Users/ryukayuiii/Documents/jp_speech_eval_project/JVS/jvs001/parallel100/wav24kHz16bit/VOICEACTRESS100_001.wav,/Users/ryukayuiii/Documents/jp_speech_eval_project/JVS/jvs001/parallel100/lab/mon/VOICEACTRESS100_001.lab,shifted_self_target_+1_mora,lab_or_reference_alignment,68,1.0,0.5786934001980442,0.9228487963796177,0.6206349206349205,0.7608695652173914,,45,46,46,tts_reference,manual,trusted,,,0.7416582159683056,0.6206349206349205,0.45,0.7608695652173914,0.43,0.25,0.12,0.2,self reference shifted by one mora to quantify alignment sensitivity
jvs001:VOICEACTRESS100_001,jvs001,VOICEACTRESS100_001,また、東寺のように、五大明王と呼ばれる、主要な明王の中央に配されることも多い。,マタトージノヨーニゴダイミョーオートヨバレルシュヨーナミョーオーノチューオーニハイサレルコトモオーイ,46,/Users/ryukayuiii/Documents/jp_speech_eval_project/JVS/jvs001/parallel100/wav24kHz16bit/VOICEACTRESS100_001.wav,/Users/ryukayuiii/Documents/jp_speech_eval_project/JVS/jvs001/parallel100/lab/mon/VOICEACTRESS100_001.lab,flat_user_contour_vs_self_target,lab_or_reference_alignment,54,1.0,0.0,0.9999999710358404,0.30962343096234307,0.5869565217391305,,100,46,46,tts_reference,manual,trusted,,,0.5319592005489376,0.30962343096234307,1.0,0.5869565217391305,0.43,0.25,0.12,0.2,user contour flattened while target/reference remains native self contour
jvs001:VOICEACTRESS100_001,jvs001,VOICEACTRESS100_001,また、東寺のように、五大明王と呼ばれる、主要な明王の中央に配されることも多い。,マタトージノヨーニゴダイミョーオートヨバレルシュヨーナミョーオーノチューオーニハイサレルコトモオーイ,46,/Users/ryukayuiii/Documents/jp_speech_eval_project/JVS/jvs001/parallel100/wav24kHz16bit/VOICEACTRESS100_001.wav,/Users/ryukayuiii/Documents/jp_speech_eval_project/JVS/jvs001/parallel100/lab/mon/VOICEACTRESS100_001.lab,shuffled_user_contour_vs_self_target,lab_or_reference_alignment,60,1.0,0.001036583920789101,1.4134803558669702,0.5983263598326359,0.5652173913043478,,100,46,46,tts_reference,manual,trusted,,,0.4983376499080504,0.5983263598326359,1.0,0.5652173913043478,0.43,0.25,0.12,0.2,valid user F0 values shuffled while target/reference remains native self contour
jvs001:VOICEACTRESS100_002,jvs001,VOICEACTRESS100_002,ニューイングランド風は、牛乳をベースとした、白いクリームスープであり、ボストンクラムチャウダーとも呼ばれる。,ニューイングランドフーワギューニューヲベーストシタシロイクリームスープデアリボストンクラムチャウダートモヨバレル,52,/Users/ryukayuiii/Documents/jp_speech_eval_project/JVS/jvs001/parallel100/wav24kHz16bit/VOICEACTRESS100_002.wav,/Users/ryukayuiii/Documents/jp_speech_eval_project/JVS/jvs001/parallel100/lab/mon/VOICEACTRESS100_002.lab,current_openjtalk_target,equal,67,0.9423,0.21159562264438772,1.2565897021682864,0.7204301075268817,0.6122448979591837,0.2,100,49,49,openjtalk_accent_phrase_chain,openjtalk_accent_phrase_chain,tool_generated_high,,,0.5841086851385306,0.7204301075268817,1.0,0.6122448979591837,0.55,0.25,0.12,0.08,existing runtime path with trimmed audio and equal mora boundaries
jvs001:VOICEACTRESS100_002,jvs001,VOICEACTRESS100_002,ニューイングランド風は、牛乳をベースとした、白いクリームスープであり、ボストンクラムチャウダーとも呼ばれる。,ニューイングランドフーワギューニューヲベーストシタシロイクリームスープデアリボストンクラムチャウダートモヨバレル,52,/Users/ryukayuiii/Documents/jp_speech_eval_project/JVS/jvs001/parallel100/wav24kHz16bit/VOICEACTRESS100_002.wav,/Users/ryukayuiii/Documents/jp_speech_eval_project/JVS/jvs001/parallel100/lab/mon/VOICEACTRESS100_002.lab,current_openjtalk_target_lab_alignment,lab_or_reference_alignment,81,0.9808,0.5278251900236438,0.9743896204269331,0.929054054054054,0.803921568627451,1.0,100,51,51,openjtalk_accent_phrase_chain,openjtalk_accent_phrase_chain,tool_generated_high,,,0.7190430185532282,0.929054054054054,1.0,0.803921568627451,0.55,0.25,0.12,0.08,JVS monophone lab timing mapped sequentially to target moras; f0_method=pyworld.dio+stonemask; mapping_warnings=none
jvs001:VOICEACTRESS100_002,jvs001,VOICEACTRESS100_002,ニューイングランド風は、牛乳をベースとした、白いクリームスープであり、ボストンクラムチャウダーとも呼ばれる。,ニューイングランドフーワギューニューヲベーストシタシロイクリームスープデアリボストンクラムチャウダートモヨバレル,52,/Users/ryukayuiii/Documents/jp_speech_eval_project/JVS/jvs001/parallel100/wav24kHz16bit/VOICEACTRESS100_002.wav,/Users/ryukayuiii/Documents/jp_speech_eval_project/JVS/jvs001/parallel100/lab/mon/VOICEACTRESS100_002.lab,self_oracle_contour_target,lab_or_reference_alignment,100,0.9808,1.0,0.0,1.0,1.0,1.0,100,51,51,tts_reference,manual,trusted,,,1.0,1.0,1.0,1.0,0.43,0.25,0.12,0.2,same native mora-level F0 used as both user contour and reference target
jvs001:VOICEACTRESS100_002,jvs001,VOICEACTRESS100_002,ニューイングランド風は、牛乳をベースとした、白いクリームスープであり、ボストンクラムチャウダーとも呼ばれる。,ニューイングランドフーワギューニューヲベーストシタシロイクリームスープデアリボストンクラムチャウダートモヨバレル,52,/Users/ryukayuiii/Documents/jp_speech_eval_project/JVS/jvs001/parallel100/wav24kHz16bit/VOICEACTRESS100_002.wav,/Users/ryukayuiii/Documents/jp_speech_eval_project/JVS/jvs001/parallel100/lab/mon/VOICEACTRESS100_002.lab,smoothed_self_target,lab_or_reference_alignment,92,0.9808,0.9479689684383349,0.32258650999921445,0.8870967741935485,0.8627450980392157,1.0,100,51,51,tts_reference,manual,trusted,,,0.9371018775691711,0.8870967741935485,1.0,0.8627450980392157,0.43,0.25,0.12,0.2,same native contour smoothed with a 3-point mora-level kernel as reference target
jvs001:VOICEACTRESS100_002,jvs001,VOICEACTRESS100_002,ニューイングランド風は、牛乳をベースとした、白いクリームスープであり、ボストンクラムチャウダーとも呼ばれる。,ニューイングランドフーワギューニューヲベーストシタシロイクリームスープデアリボストンクラムチャウダートモヨバレル,52,/Users/ryukayuiii/Documents/jp_speech_eval_project/JVS/jvs001/parallel100/wav24kHz16bit/VOICEACTRESS100_002.wav,/Users/ryukayuiii/Documents/jp_speech_eval_project/JVS/jvs001/parallel100/lab/mon/VOICEACTRESS100_002.lab,shifted_self_target_-1_mora,lab_or_reference_alignment,73,0.9808,0.6473478704095367,0.8269691779916633,0.5447570332480819,0.7058823529411765,1.0,100,51,51,tts_reference,manual,trusted,,,0.7749742725159388,0.5447570332480819,1.0,0.7058823529411765,0.43,0.25,0.12,0.2,self reference shifted by one mora to quantify alignment sensitivity
jvs001:VOICEACTRESS100_002,jvs001,VOICEACTRESS100_002,ニューイングランド風は、牛乳をベースとした、白いクリームスープであり、ボストンクラムチャウダーとも呼ばれる。,ニューイングランドフーワギューニューヲベーストシタシロイクリームスープデアリボストンクラムチャウダートモヨバレル,52,/Users/ryukayuiii/Documents/jp_speech_eval_project/JVS/jvs001/parallel100/wav24kHz16bit/VOICEACTRESS100_002.wav,/Users/ryukayuiii/Documents/jp_speech_eval_project/JVS/jvs001/parallel100/lab/mon/VOICEACTRESS100_002.lab,shifted_self_target_+1_mora,lab_or_reference_alignment,71,0.9808,0.6473478704095365,0.8386265583855798,0.47490347490347484,0.6862745098039216,,100,51,51,tts_reference,manual,trusted,,,0.7738212093932988,0.47490347490347484,1.0,0.6862745098039216,0.43,0.25,0.12,0.2,self reference shifted by one mora to quantify alignment sensitivity
jvs001:VOICEACTRESS100_002,jvs001,VOICEACTRESS100_002,ニューイングランド風は、牛乳をベースとした、白いクリームスープであり、ボストンクラムチャウダーとも呼ばれる。,ニューイングランドフーワギューニューヲベーストシタシロイクリームスープデアリボストンクラムチャウダートモヨバレル,52,/Users/ryukayuiii/Documents/jp_speech_eval_project/JVS/jvs001/parallel100/wav24kHz16bit/VOICEACTRESS100_002.wav,/Users/ryukayuiii/Documents/jp_speech_eval_project/JVS/jvs001/parallel100/lab/mon/VOICEACTRESS100_002.lab,flat_user_contour_vs_self_target,lab_or_reference_alignment,48,0.9808,0.0,0.9999999703337116,0.31431897555296856,0.5882352941176471,0.0,45,51,51,tts_reference,manual,trusted,,,0.5319592006128171,0.31431897555296856,0.45,0.5882352941176471,0.43,0.25,0.12,0.2,user contour flattened while target/reference remains native self contour
jvs001:VOICEACTRESS100_002,jvs001,VOICEACTRESS100_002,ニューイングランド風は、牛乳をベースとした、白いクリームスープであり、ボストンクラムチャウダーとも呼ばれる。,ニューイングランドフーワギューニューヲベーストシタシロイクリームスープデアリボストンクラムチャウダートモヨバレル,52,/Users/ryukayuiii/Documents/jp_speech_eval_project/JVS/jvs001/parallel100/wav24kHz16bit/VOICEACTRESS100_002.wav,/Users/ryukayuiii/Documents/jp_speech_eval_project/JVS/jvs001/parallel100/lab/mon/VOICEACTRESS100_002.lab,shuffled_user_contour_vs_self_target,lab_or_reference_alignment,60,0.9808,-0.033503477606728824,1.4377088831097242,0.660069848661234,0.5294117647058824,0.25,100,51,51,tts_reference,manual,trusted,,,0.4844668364245365,0.660069848661234,1.0,0.5294117647058824,0.43,0.25,0.12,0.2,valid user F0 values shuffled while target/reference remains native self contour
jvs001:VOICEACTRESS100_003,jvs001,VOICEACTRESS100_003,コンピュータゲームのメーカーや、業界団体などに関連する人物のカテゴリ。,コンピュータゲームノメーカーヤギョーカイダンタイナドニカンレンスルジンブツノカテゴリ,40,/Users/ryukayuiii/Documents/jp_speech_eval_project/JVS/jvs001/parallel100/wav24kHz16bit/VOICEACTRESS100_003.wav,/Users/ryukayuiii/Documents/jp_speech_eval_project/JVS/jvs001/parallel100/lab/mon/VOICEACTRESS100_003.lab,current_openjtalk_target,equal,73,0.95,0.3663219685249042,1.1298435069620751,0.7963800904977376,0.6842105263157895,0.4,100,38,38,openjtalk_accent_phrase_chain,openjtalk_accent_phrase_chain,tool_generated_high,,,0.6487340751938617,0.7963800904977376,1.0,0.6842105263157895,0.55,0.25,0.12,0.08,existing runtime path with trimmed audio and equal mora boundaries
jvs001:VOICEACTRESS100_003,jvs001,VOICEACTRESS100_003,コンピュータゲームのメーカーや、業界団体などに関連する人物のカテゴリ。,コンピュータゲームノメーカーヤギョーカイダンタイナドニカンレンスルジンブツノカテゴリ,40,/Users/ryukayuiii/Documents/jp_speech_eval_project/JVS/jvs001/parallel100/wav24kHz16bit/VOICEACTRESS100_003.wav,/Users/ryukayuiii/Documents/jp_speech_eval_project/JVS/jvs001/parallel100/lab/mon/VOICEACTRESS100_003.lab,current_openjtalk_target_lab_alignment,lab_or_reference_alignment,78,1.0,0.6147460110656352,0.8918232657167473,0.735294117647059,0.725,0.0,100,40,40,openjtalk_accent_phrase_chain,openjtalk_accent_phrase_chain,tool_generated_high,,,0.7572332076043597,0.735294117647059,1.0,0.725,0.55,0.25,0.12,0.08,JVS monophone lab timing mapped sequentially to target moras; f0_method=pyworld.dio+stonemask; mapping_warnings=none
jvs001:VOICEACTRESS100_003,jvs001,VOICEACTRESS100_003,コンピュータゲームのメーカーや、業界団体などに関連する人物のカテゴリ。,コンピュータゲームノメーカーヤギョーカイダンタイナドニカンレンスルジンブツノカテゴリ,40,/Users/ryukayuiii/Documents/jp_speech_eval_project/JVS/jvs001/parallel100/wav24kHz16bit/VOICEACTRESS100_003.wav,/Users/ryukayuiii/Documents/jp_speech_eval_project/JVS/jvs001/parallel100/lab/mon/VOICEACTRESS100_003.lab,self_oracle_contour_target,lab_or_reference_alignment,100,1.0,1.0,0.0,1.0,1.0,,100,40,40,tts_reference,manual,trusted,,,1.0,1.0,1.0,1.0,0.43,0.25,0.12,0.2,same native mora-level F0 used as both user contour and reference target
jvs001:VOICEACTRESS100_003,jvs001,VOICEACTRESS100_003,コンピュータゲームのメーカーや、業界団体などに関連する人物のカテゴリ。,コンピュータゲームノメーカーヤギョーカイダンタイナドニカンレンスルジンブツノカテゴリ,40,/Users/ryukayuiii/Documents/jp_speech_eval_project/JVS/jvs001/parallel100/wav24kHz16bit/VOICEACTRESS100_003.wav,/Users/ryukayuiii/Documents/jp_speech_eval_project/JVS/jvs001/parallel100/lab/mon/VOICEACTRESS100_003.lab,smoothed_self_target,lab_or_reference_alignment,92,1.0,0.9675828340864088,0.2546258581904321,0.8341708542713568,0.925,,100,40,40,tts_reference,manual,trusted,,,0.9527914244874794,0.8341708542713568,1.0,0.925,0.43,0.25,0.12,0.2,same native contour smoothed with a 3-point mora-level kernel as reference target
jvs001:VOICEACTRESS100_003,jvs001,VOICEACTRESS100_003,コンピュータゲームのメーカーや、業界団体などに関連する人物のカテゴリ。,コンピュータゲームノメーカーヤギョーカイダンタイナドニカンレンスルジンブツノカテゴリ,40,/Users/ryukayuiii/Documents/jp_speech_eval_project/JVS/jvs001/parallel100/wav24kHz16bit/VOICEACTRESS100_003.wav,/Users/ryukayuiii/Documents/jp_speech_eval_project/JVS/jvs001/parallel100/lab/mon/VOICEACTRESS100_003.lab,shifted_self_target_-1_mora,lab_or_reference_alignment,74,1.0,0.7093129663601001,0.7577583412454671,0.550632911392405,0.7,0.0,100,40,40,tts_reference,manual,trusted,,,0.8036480374911334,0.550632911392405,1.0,0.7,0.43,0.25,0.12,0.2,self reference shifted by one mora to quantify alignment sensitivity
jvs001:VOICEACTRESS100_003,jvs001,VOICEACTRESS100_003,コンピュータゲームのメーカーや、業界団体などに関連する人物のカテゴリ。,コンピュータゲームノメーカーヤギョーカイダンタイナドニカンレンスルジンブツノカテゴリ,40,/Users/ryukayuiii/Documents/jp_speech_eval_project/JVS/jvs001/parallel100/wav24kHz16bit/VOICEACTRESS100_003.wav,/Users/ryukayuiii/Documents/jp_speech_eval_project/JVS/jvs001/parallel100/lab/mon/VOICEACTRESS100_003.lab,shifted_self_target_+1_mora,lab_or_reference_alignment,68,1.0,0.7093129663600996,0.7672515533326679,0.5633802816901408,0.7,0.0,45,40,40,tts_reference,manual,trusted,,,0.802675449271851,0.5633802816901408,0.45,0.7,0.43,0.25,0.12,0.2,self reference shifted by one mora to quantify alignment sensitivity
jvs001:VOICEACTRESS100_003,jvs001,VOICEACTRESS100_003,コンピュータゲームのメーカーや、業界団体などに関連する人物のカテゴリ。,コンピュータゲームノメーカーヤギョーカイダンタイナドニカンレンスルジンブツノカテゴリ,40,/Users/ryukayuiii/Documents/jp_speech_eval_project/JVS/jvs001/parallel100/wav24kHz16bit/VOICEACTRESS100_003.wav,/Users/ryukayuiii/Documents/jp_speech_eval_project/JVS/jvs001/parallel100/lab/mon/VOICEACTRESS100_003.lab,flat_user_contour_vs_self_target,lab_or_reference_alignment,47,1.0,0.0,0.9999999699394793,0.3209302325581395,0.525,,45,40,40,tts_reference,manual,trusted,,,0.5319592006486842,0.3209302325581395,0.45,0.525,0.43,0.25,0.12,0.2,user contour flattened while target/reference remains native self contour
jvs001:VOICEACTRESS100_003,jvs001,VOICEACTRESS100_003,コンピュータゲームのメーカーや、業界団体などに関連する人物のカテゴリ。,コンピュータゲームノメーカーヤギョーカイダンタイナドニカンレンスルジンブツノカテゴリ,40,/Users/ryukayuiii/Documents/jp_speech_eval_project/JVS/jvs001/parallel100/wav24kHz16bit/VOICEACTRESS100_003.wav,/Users/ryukayuiii/Documents/jp_speech_eval_project/JVS/jvs001/parallel100/lab/mon/VOICEACTRESS100_003.lab,shuffled_user_contour_vs_self_target,lab_or_reference_alignment,56,1.0,0.04226573959163883,1.3840044818051571,0.6883720930232557,0.55,,45,40,40,tts_reference,manual,trusted,,,0.5149648481597229,0.6883720930232557,0.45,0.55,0.43,0.25,0.12,0.2,valid user F0 values shuffled while target/reference remains native self contour
jvs001:VOICEACTRESS100_004,jvs001,VOICEACTRESS100_004,サービスマネージャー導入駅のため、大井町駅から、遠隔管理している。,サービスマネージャードーニューエキノタメオーイマチエキカラエンカクカンリシテイル,38,/Users/ryukayuiii/Documents/jp_speech_eval_project/JVS/jvs001/parallel100/wav24kHz16bit/VOICEACTRESS100_004.wav,/Users/ryukayuiii/Documents/jp_speech_eval_project/JVS/jvs001/parallel100/lab/mon/VOICEACTRESS100_004.lab,current_openjtalk_target,equal,70,0.9474,0.3352917361834409,1.1570634141367033,0.7285714285714285,0.6111111111111112,0.5,100,36,36,openjtalk_accent_phrase_chain,openjtalk_accent_phrase_chain,tool_generated_high,,,0.635568427228096,0.7285714285714285,1.0,0.6111111111111112,0.55,0.25,0.12,0.08,existing runtime path with trimmed audio and equal mora boundaries
jvs001:VOICEACTRESS100_004,jvs001,VOICEACTRESS100_004,サービスマネージャー導入駅のため、大井町駅から、遠隔管理している。,サービスマネージャードーニューエキノタメオーイマチエキカラエンカクカンリシテイル,38,/Users/ryukayuiii/Documents/jp_speech_eval_project/JVS/jvs001/parallel100/wav24kHz16bit/VOICEACTRESS100_004.wav,/Users/ryukayuiii/Documents/jp_speech_eval_project/JVS/jvs001/parallel100/lab/mon/VOICEACTRESS100_004.lab,current_openjtalk_target_lab_alignment,lab_or_reference_alignment,75,1.0,0.46247021149096035,1.0424308358180427,0.7733333333333334,0.7631578947368421,0.5,100,38,38,openjtalk_accent_phrase_chain,openjtalk_accent_phrase_chain,tool_generated_high,,,0.6900040928206453,0.7733333333333334,1.0,0.7631578947368421,0.55,0.25,0.12,0.08,JVS monophone lab timing mapped sequentially to target moras; f0_method=pyworld.dio+stonemask; mapping_warnings=none
jvs001:VOICEACTRESS100_004,jvs001,VOICEACTRESS100_004,サービスマネージャー導入駅のため、大井町駅から、遠隔管理している。,サービスマネージャードーニューエキノタメオーイマチエキカラエンカクカンリシテイル,38,/Users/ryukayuiii/Documents/jp_speech_eval_project/JVS/jvs001/parallel100/wav24kHz16bit/VOICEACTRESS100_004.wav,/Users/ryukayuiii/Documents/jp_speech_eval_project/JVS/jvs001/parallel100/lab/mon/VOICEACTRESS100_004.lab,self_oracle_contour_target,lab_or_reference_alignment,100,1.0,1.0,0.0,1.0,1.0,1.0,100,38,38,tts_reference,manual,trusted,,,1.0,1.0,1.0,1.0,0.43,0.25,0.12,0.2,same native mora-level F0 used as both user contour and reference target
jvs001:VOICEACTRESS100_004,jvs001,VOICEACTRESS100_004,サービスマネージャー導入駅のため、大井町駅から、遠隔管理している。,サービスマネージャードーニューエキノタメオーイマチエキカラエンカクカンリシテイル,38,/Users/ryukayuiii/Documents/jp_speech_eval_project/JVS/jvs001/parallel100/wav24kHz16bit/VOICEACTRESS100_004.wav,/Users/ryukayuiii/Documents/jp_speech_eval_project/JVS/jvs001/parallel100/lab/mon/VOICEACTRESS100_004.lab,smoothed_self_target,lab_or_reference_alignment,97,1.0,0.9812636767489118,0.1935785225008444,0.9513776337115073,1.0,1.0,100,38,38,tts_reference,manual,trusted,,,0.9657664719136929,0.9513776337115073,1.0,1.0,0.43,0.25,0.12,0.2,same native contour smoothed with a 3-point mora-level kernel as reference target
jvs001:VOICEACTRESS100_004,jvs001,VOICEACTRESS100_004,サービスマネージャー導入駅のため、大井町駅から、遠隔管理している。,サービスマネージャードーニューエキノタメオーイマチエキカラエンカクカンリシテイル,38,/Users/ryukayuiii/Documents/jp_speech_eval_project/JVS/jvs001/parallel100/wav24kHz16bit/VOICEACTRESS100_004.wav,/Users/ryukayuiii/Documents/jp_speech_eval_project/JVS/jvs001/parallel100/lab/mon/VOICEACTRESS100_004.lab,shifted_self_target_-1_mora,lab_or_reference_alignment,79,1.0,0.7447095667311528,0.7072456849030705,0.6247755834829443,0.7894736842105263,0.0,100,38,38,tts_reference,manual,trusted,,,0.8212902687730369,0.6247755834829443,1.0,0.7894736842105263,0.43,0.25,0.12,0.2,self reference shifted by one mora to quantify alignment sensitivity
jvs001:VOICEACTRESS100_004,jvs001,VOICEACTRESS100_004,サービスマネージャー導入駅のため、大井町駅から、遠隔管理している。,サービスマネージャードーニューエキノタメオーイマチエキカラエンカクカンリシテイル,38,/Users/ryukayuiii/Documents/jp_speech_eval_project/JVS/jvs001/parallel100/wav24kHz16bit/VOICEACTRESS100_004.wav,/Users/ryukayuiii/Documents/jp_speech_eval_project/JVS/jvs001/parallel100/lab/mon/VOICEACTRESS100_004.lab,shifted_self_target_+1_mora,lab_or_reference_alignment,74,1.0,0.7447095667311525,0.7193090592578156,0.6879432624113474,0.7894736842105263,,45,38,38,tts_reference,manual,trusted,,,0.8200235666185591,0.6879432624113474,0.45,0.7894736842105263,0.43,0.25,0.12,0.2,self reference shifted by one mora to quantify alignment sensitivity
jvs001:VOICEACTRESS100_004,jvs001,VOICEACTRESS100_004,サービスマネージャー導入駅のため、大井町駅から、遠隔管理している。,サービスマネージャードーニューエキノタメオーイマチエキカラエンカクカンリシテイル,38,/Users/ryukayuiii/Documents/jp_speech_eval_project/JVS/jvs001/parallel100/wav24kHz16bit/VOICEACTRESS100_004.wav,/Users/ryukayuiii/Documents/jp_speech_eval_project/JVS/jvs001/parallel100/lab/mon/VOICEACTRESS100_004.lab,flat_user_contour_vs_self_target,lab_or_reference_alignment,46,1.0,0.0,0.999999973323927,0.27228525121555913,0.5526315789473685,0.0,45,38,38,tts_reference,manual,trusted,,,0.5319592003407685,0.27228525121555913,0.45,0.5526315789473685,0.43,0.25,0.12,0.2,user contour flattened while target/reference remains native self contour
jvs001:VOICEACTRESS100_004,jvs001,VOICEACTRESS100_004,サービスマネージャー導入駅のため、大井町駅から、遠隔管理している。,サービスマネージャードーニューエキノタメオーイマチエキカラエンカクカンリシテイル,38,/Users/ryukayuiii/Documents/jp_speech_eval_project/JVS/jvs001/parallel100/wav24kHz16bit/VOICEACTRESS100_004.wav,/Users/ryukayuiii/Documents/jp_speech_eval_project/JVS/jvs001/parallel100/lab/mon/VOICEACTRESS100_004.lab,shuffled_user_contour_vs_self_target,lab_or_reference_alignment,41,1.0,-0.31505664116675713,1.6217623568239978,0.5478119935170177,0.3157894736842105,0.5,45,38,38,tts_reference,manual,trusted,,,0.3730700474591953,0.5478119935170177,0.45,0.3157894736842105,0.43,0.25,0.12,0.2,valid user F0 values shuffled while target/reference remains native self contour
jvs001:VOICEACTRESS100_005,jvs001,VOICEACTRESS100_005,シルバーサーファー襲撃事件までに、リチャーズは、チーム名と共に、国際的にスーパーヒーロー、および、有名人として、認知されている。,シルバーサーファーシューゲキジケンマデニリチャーズワチームメートトモニコクサイテキニスーパーヒーローオヨビユーメージントシテニンチサレテイル,67,/Users/ryukayuiii/Documents/jp_speech_eval_project/JVS/jvs001/parallel100/wav24kHz16bit/VOICEACTRESS100_005.wav,/Users/ryukayuiii/Documents/jp_speech_eval_project/JVS/jvs001/parallel100/lab/mon/VOICEACTRESS100_005.lab,current_openjtalk_target,equal,59,0.806,-0.057549047598983244,1.4540926209129341,0.704081632653061,0.4444444444444444,0.5714285714285714,100,54,54,openjtalk_accent_phrase_chain,openjtalk_accent_phrase_chain,tool_generated_high,,,0.47485818449875916,0.704081632653061,1.0,0.4444444444444444,0.55,0.25,0.12,0.08,existing runtime path with trimmed audio and equal mora boundaries
jvs001:VOICEACTRESS100_005,jvs001,VOICEACTRESS100_005,シルバーサーファー襲撃事件までに、リチャーズは、チーム名と共に、国際的にスーパーヒーロー、および、有名人として、認知されている。,シルバーサーファーシューゲキジケンマデニリチャーズワチームメートトモニコクサイテキニスーパーヒーローオヨビユーメージントシテニンチサレテイル,67,/Users/ryukayuiii/Documents/jp_speech_eval_project/JVS/jvs001/parallel100/wav24kHz16bit/VOICEACTRESS100_005.wav,/Users/ryukayuiii/Documents/jp_speech_eval_project/JVS/jvs001/parallel100/lab/mon/VOICEACTRESS100_005.lab,current_openjtalk_target_lab_alignment,lab_or_reference_alignment,65,1.0,0.20474820489735354,1.2626222170357517,0.6666666666666666,0.5671641791044776,0.1111111111111111,100,67,67,openjtalk_accent_phrase_chain,openjtalk_accent_phrase_chain,tool_generated_high,,,0.5812300635913283,0.6666666666666666,1.0,0.5671641791044776,0.55,0.25,0.12,0.08,JVS monophone lab timing mapped sequentially to target moras; f0_method=pyworld.dio+stonemask; mapping_warnings=none
jvs001:VOICEACTRESS100_005,jvs001,VOICEACTRESS100_005,シルバーサーファー襲撃事件までに、リチャーズは、チーム名と共に、国際的にスーパーヒーロー、および、有名人として、認知されている。,シルバーサーファーシューゲキジケンマデニリチャーズワチームメートトモニコクサイテキニスーパーヒーローオヨビユーメージントシテニンチサレテイル,67,/Users/ryukayuiii/Documents/jp_speech_eval_project/JVS/jvs001/parallel100/wav24kHz16bit/VOICEACTRESS100_005.wav,/Users/ryukayuiii/Documents/jp_speech_eval_project/JVS/jvs001/parallel100/lab/mon/VOICEACTRESS100_005.lab,self_oracle_contour_target,lab_or_reference_alignment,100,1.0,1.0,0.0,1.0,1.0,,100,67,67,tts_reference,manual,trusted,,,1.0,1.0,1.0,1.0,0.43,0.25,0.12,0.2,same native mora-level F0 used as both user contour and reference target
jvs001:VOICEACTRESS100_005,jvs001,VOICEACTRESS100_005,シルバーサーファー襲撃事件までに、リチャーズは、チーム名と共に、国際的にスーパーヒーロー、および、有名人として、認知されている。,シルバーサーファーシューゲキジケンマデニリチャーズワチームメートトモニコクサイテキニスーパーヒーローオヨビユーメージントシテニンチサレテイル,67,/Users/ryukayuiii/Documents/jp_speech_eval_project/JVS/jvs001/parallel100/wav24kHz16bit/VOICEACTRESS100_005.wav,/Users/ryukayuiii/Documents/jp_speech_eval_project/JVS/jvs001/parallel100/lab/mon/VOICEACTRESS100_005.lab,smoothed_self_target,lab_or_reference_alignment,92,1.0,0.941525287631682,0.34197867984008296,0.8227016885553472,0.9552238805970149,,100,67,67,tts_reference,manual,trusted,,,0.9323830180905502,0.8227016885553472,1.0,0.9552238805970149,0.43,0.25,0.12,0.2,same native contour smoothed with a 3-point mora-level kernel as reference target
jvs001:VOICEACTRESS100_005,jvs001,VOICEACTRESS100_005,シルバーサーファー襲撃事件までに、リチャーズは、チーム名と共に、国際的にスーパーヒーロー、および、有名人として、認知されている。,シルバーサーファーシューゲキジケンマデニリチャーズワチームメートトモニコクサイテキニスーパーヒーローオヨビユーメージントシテニンチサレテイル,67,/Users/ryukayuiii/Documents/jp_speech_eval_project/JVS/jvs001/parallel100/wav24kHz16bit/VOICEACTRESS100_005.wav,/Users/ryukayuiii/Documents/jp_speech_eval_project/JVS/jvs001/parallel100/lab/mon/VOICEACTRESS100_005.lab,shifted_self_target_-1_mora,lab_or_reference_alignment,70,1.0,0.5197880949589044,0.9739919431228541,0.5179856115107913,0.7164179104477612,0.2,100,67,67,tts_reference,manual,trusted,,,0.7162666857233106,0.5179856115107913,1.0,0.7164179104477612,0.43,0.25,0.12,0.2,self reference shifted by one mora to quantify alignment sensitivity
jvs001:VOICEACTRESS100_005,jvs001,VOICEACTRESS100_005,シルバーサーファー襲撃事件までに、リチャーズは、チーム名と共に、国際的にスーパーヒーロー、および、有名人として、認知されている。,シルバーサーファーシューゲキジケンマデニリチャーズワチームメートトモニコクサイテキニスーパーヒーローオヨビユーメージントシテニンチサレテイル,67,/Users/ryukayuiii/Documents/jp_speech_eval_project/JVS/jvs001/parallel100/wav24kHz16bit/VOICEACTRESS100_005.wav,/Users/ryukayuiii/Documents/jp_speech_eval_project/JVS/jvs001/parallel100/lab/mon/VOICEACTRESS100_005.lab,shifted_self_target_+1_mora,lab_or_reference_alignment,72,1.0,0.5197880949589042,0.9812066601687687,0.6039510818438381,0.7164179104477612,,100,67,67,tts_reference,manual,trusted,,,0.7156029001540473,0.6039510818438381,1.0,0.7164179104477612,0.43,0.25,0.12,0.2,self reference shifted by one mora to quantify alignment sensitivity
jvs001:VOICEACTRESS100_005,jvs001,VOICEACTRESS100_005,シルバーサーファー襲撃事件までに、リチャーズは、チーム名と共に、国際的にスーパーヒーロー、および、有名人として、認知されている。,シルバーサーファーシューゲキジケンマデニリチャーズワチームメートトモニコクサイテキニスーパーヒーローオヨビユーメージントシテニンチサレテイル,67,/Users/ryukayuiii/Documents/jp_speech_eval_project/JVS/jvs001/parallel100/wav24kHz16bit/VOICEACTRESS100_005.wav,/Users/ryukayuiii/Documents/jp_speech_eval_project/JVS/jvs001/parallel100/lab/mon/VOICEACTRESS100_005.lab,flat_user_contour_vs_self_target,lab_or_reference_alignment,45,1.0,0.0,0.9999999724002566,0.28142589118198874,0.4626865671641791,,45,67,67,tts_reference,manual,trusted,,,0.5319592004248036,0.28142589118198874,0.45,0.4626865671641791,0.43,0.25,0.12,0.2,user contour flattened while target/reference remains native self contour
jvs001:VOICEACTRESS100_005,jvs001,VOICEACTRESS100_005,シルバーサーファー襲撃事件までに、リチャーズは、チーム名と共に、国際的にスーパーヒーロー、および、有名人として、認知されている。,シルバーサーファーシューゲキジケンマデニリチャーズワチームメートトモニコクサイテキニスーパーヒーローオヨビユーメージントシテニンチサレテイル,67,/Users/ryukayuiii/Documents/jp_speech_eval_project/JVS/jvs001/parallel100/wav24kHz16bit/VOICEACTRESS100_005.wav,/Users/ryukayuiii/Documents/jp_speech_eval_project/JVS/jvs001/parallel100/lab/mon/VOICEACTRESS100_005.lab,shuffled_user_contour_vs_self_target,lab_or_reference_alignment,57,1.0,-0.019268430636926608,1.4277733534240127,0.6050656660412758,0.43283582089552236,,100,67,67,tts_reference,manual,trusted,,,0.49017716249306464,0.6050656660412758,1.0,0.43283582089552236,0.43,0.25,0.12,0.2,valid user F0 values shuffled while target/reference remains native self contour
jvs001:VOICEACTRESS100_006,jvs001,VOICEACTRESS100_006,ツュレンハルト領は、ヴュルテンベルク領に編入された。,ツュレンハルトリョーワビュルテンベルクリョーニヘンニューサレタ,26,/Users/ryukayuiii/Documents/jp_speech_eval_project/JVS/jvs001/parallel100/wav24kHz16bit/VOICEACTRESS100_006.wav,/Users/ryukayuiii/Documents/jp_speech_eval_project/JVS/jvs001/parallel100/lab/mon/VOICEACTRESS100_006.lab,current_openjtalk_target,equal,82,0.9615,0.6999251646751523,0.7927372671315692,0.9130434782608695,0.8,1.0,75,25,25,openjtalk_accent_phrase_chain,openjtalk_accent_phrase_chain,tool_generated_high,,,0.7968014022767008,0.9130434782608695,0.75,0.8,0.55,0.25,0.12,0.08,existing runtime path with trimmed audio and equal mora boundaries
jvs001:VOICEACTRESS100_006,jvs001,VOICEACTRESS100_006,ツュレンハルト領は、ヴュルテンベルク領に編入された。,ツュレンハルトリョーワビュルテンベルクリョーニヘンニューサレタ,26,/Users/ryukayuiii/Documents/jp_speech_eval_project/JVS/jvs001/parallel100/wav24kHz16bit/VOICEACTRESS100_006.wav,/Users/ryukayuiii/Documents/jp_speech_eval_project/JVS/jvs001/parallel100/lab/mon/VOICEACTRESS100_006.lab,current_openjtalk_target_lab_alignment,lab_or_reference_alignment,79,1.0,0.5456525852390604,0.9685818260267689,0.8571428571428571,0.6923076923076923,1.0,100,26,26,openjtalk_accent_phrase_chain,openjtalk_accent_phrase_chain,tool_generated_high,,,0.7258185851711955,0.8571428571428571,1.0,0.6923076923076923,0.55,0.25,0.12,0.08,JVS monophone lab timing mapped sequentially to target moras; f0_method=pyworld.dio+stonemask; mapping_warnings=none
jvs001:VOICEACTRESS100_006,jvs001,VOICEACTRESS100_006,ツュレンハルト領は、ヴュルテンベルク領に編入された。,ツュレンハルトリョーワビュルテンベルクリョーニヘンニューサレタ,26,/Users/ryukayuiii/Documents/jp_speech_eval_project/JVS/jvs001/parallel100/wav24kHz16bit/VOICEACTRESS100_006.wav,/Users/ryukayuiii/Documents/jp_speech_eval_project/JVS/jvs001/parallel100/lab/mon/VOICEACTRESS100_006.lab,self_oracle_contour_target,lab_or_reference_alignment,100,1.0,1.0,0.0,1.0,1.0,1.0,100,26,26,tts_reference,manual,trusted,,,1.0,1.0,1.0,1.0,0.43,0.25,0.12,0.2,same native mora-level F0 used as both user contour and reference target
jvs001:VOICEACTRESS100_006,jvs001,VOICEACTRESS100_006,ツュレンハルト領は、ヴュルテンベルク領に編入された。,ツュレンハルトリョーワビュルテンベルクリョーニヘンニューサレタ,26,/Users/ryukayuiii/Documents/jp_speech_eval_project/JVS/jvs001/parallel100/wav24kHz16bit/VOICEACTRESS100_006.wav,/Users/ryukayuiii/Documents/jp_speech_eval_project/JVS/jvs001/parallel100/lab/mon/VOICEACTRESS100_006.lab,smoothed_self_target,lab_or_reference_alignment,97,1.0,0.9839986779934528,0.17889282259647737,0.9618320610687023,0.9615384615384616,1.0,100,26,26,tts_reference,manual,trusted,,,0.968730717492901,0.9618320610687023,1.0,0.9615384615384616,0.43,0.25,0.12,0.2,same native contour smoothed with a 3-point mora-level kernel as reference target
jvs001:VOICEACTRESS100_006,jvs001,VOICEACTRESS100_006,ツュレンハルト領は、ヴュルテンベルク領に編入された。,ツュレンハルトリョーワビュルテンベルクリョーニヘンニューサレタ,26,/Users/ryukayuiii/Documents/jp_speech_eval_project/JVS/jvs001/parallel100/wav24kHz16bit/VOICEACTRESS100_006.wav,/Users/ryukayuiii/Documents/jp_speech_eval_project/JVS/jvs001/parallel100/lab/mon/VOICEACTRESS100_006.lab,shifted_self_target_-1_mora,lab_or_reference_alignment,81,1.0,0.7059894146167743,0.7605014983611772,0.7554347826086957,0.7692307692307693,,100,26,26,tts_reference,manual,trusted,,,0.8022032810223233,0.7554347826086957,1.0,0.7692307692307693,0.43,0.25,0.12,0.2,self reference shifted by one mora to quantify alignment sensitivity
jvs001:VOICEACTRESS100_006,jvs001,VOICEACTRESS100_006,ツュレンハルト領は、ヴュルテンベルク領に編入された。,ツュレンハルトリョーワビュルテンベルクリョーニヘンニューサレタ,26,/Users/ryukayuiii/Documents/jp_speech_eval_project/JVS/jvs001/parallel100/wav24kHz16bit/VOICEACTRESS100_006.wav,/Users/ryukayuiii/Documents/jp_speech_eval_project/JVS/jvs001/parallel100/lab/mon/VOICEACTRESS100_006.lab,shifted_self_target_+1_mora,lab_or_reference_alignment,80,1.0,0.7059894146167742,0.7731909462298822,0.7307692307692307,0.7692307692307693,,100,26,26,tts_reference,manual,trusted,,,0.8009060534468743,0.7307692307692307,1.0,0.7692307692307693,0.43,0.25,0.12,0.2,self reference shifted by one mora to quantify alignment sensitivity
jvs001:VOICEACTRESS100_006,jvs001,VOICEACTRESS100_006,ツュレンハルト領は、ヴュルテンベルク領に編入された。,ツュレンハルトリョーワビュルテンベルクリョーニヘンニューサレタ,26,/Users/ryukayuiii/Documents/jp_speech_eval_project/JVS/jvs001/parallel100/wav24kHz16bit/VOICEACTRESS100_006.wav,/Users/ryukayuiii/Documents/jp_speech_eval_project/JVS/jvs001/parallel100/lab/mon/VOICEACTRESS100_006.lab,flat_user_contour_vs_self_target,lab_or_reference_alignment,47,1.0,0.0,0.9999999706737651,0.3259259259259259,0.5384615384615384,0.0,45,26,26,tts_reference,manual,trusted,,,0.5319592005818792,0.3259259259259259,0.45,0.5384615384615384,0.43,0.25,0.12,0.2,user contour flattened while target/reference remains native self contour
jvs001:VOICEACTRESS100_006,jvs001,VOICEACTRESS100_006,ツュレンハルト領は、ヴュルテンベルク領に編入された。,ツュレンハルトリョーワビュルテンベルクリョーニヘンニューサレタ,26,/Users/ryukayuiii/Documents/jp_speech_eval_project/JVS/jvs001/parallel100/wav24kHz16bit/VOICEACTRESS100_006.wav,/Users/ryukayuiii/Documents/jp_speech_eval_project/JVS/jvs001/parallel100/lab/mon/VOICEACTRESS100_006.lab,shuffled_user_contour_vs_self_target,lab_or_reference_alignment,64,1.0,0.21976997499288486,1.2491837168684932,0.5777777777777777,0.6153846153846154,0.0,100,26,26,tts_reference,manual,trusted,,,0.5875634719108237,0.5777777777777777,1.0,0.6153846153846154,0.43,0.25,0.12,0.2,valid user F0 values shuffled while target/reference remains native self contour
jvs001:VOICEACTRESS100_007,jvs001,VOICEACTRESS100_007,時間領域と、空間領域で共通する処理手法は、フィルタリングによる、入力信号の強化である。,ジカンリョーイキトクーカンリョーイキデキョーツースルショリシュホーワフィルタリングニヨルニューリョクシンゴーノキョーカデアル,53,/Users/ryukayuiii/Documents/jp_speech_eval_project/JVS/jvs001/parallel100/wav24kHz16bit/VOICEACTRESS100_007.wav,/Users/ryukayuiii/Documents/jp_speech_eval_project/JVS/jvs001/parallel100/lab/mon/VOICEACTRESS100_007.lab,current_openjtalk_target,equal,61,0.9245,-0.009160182370143785,1.420663908160118,0.7184115523465705,0.42857142857142855,0.4,100,49,49,openjtalk_accent_phrase_chain,openjtalk_accent_phrase_chain,tool_generated_high,,,0.4942382425450548,0.7184115523465705,1.0,0.42857142857142855,0.55,0.25,0.12,0.08,existing runtime path with trimmed audio and equal mora boundaries
jvs001:VOICEACTRESS100_007,jvs001,VOICEACTRESS100_007,時間領域と、空間領域で共通する処理手法は、フィルタリングによる、入力信号の強化である。,ジカンリョーイキトクーカンリョーイキデキョーツースルショリシュホーワフィルタリングニヨルニューリョクシンゴーノキョーカデアル,53,/Users/ryukayuiii/Documents/jp_speech_eval_project/JVS/jvs001/parallel100/wav24kHz16bit/VOICEACTRESS100_007.wav,/Users/ryukayuiii/Documents/jp_speech_eval_project/JVS/jvs001/parallel100/lab/mon/VOICEACTRESS100_007.lab,current_openjtalk_target_lab_alignment,lab_or_reference_alignment,76,0.9811,0.4718095086669326,1.0291631878236485,0.792079207920792,0.7115384615384616,0.4,100,52,52,openjtalk_accent_phrase_chain,openjtalk_accent_phrase_chain,tool_generated_high,,,0.6944585214771248,0.792079207920792,1.0,0.7115384615384616,0.55,0.25,0.12,0.08,JVS monophone lab timing mapped sequentially to target moras; f0_method=pyworld.dio+stonemask; mapping_warnings=none
jvs001:VOICEACTRESS100_007,jvs001,VOICEACTRESS100_007,時間領域と、空間領域で共通する処理手法は、フィルタリングによる、入力信号の強化である。,ジカンリョーイキトクーカンリョーイキデキョーツースルショリシュホーワフィルタリングニヨルニューリョクシンゴーノキョーカデアル,53,/Users/ryukayuiii/Documents/jp_speech_eval_project/JVS/jvs001/parallel100/wav24kHz16bit/VOICEACTRESS100_007.wav,/Users/ryukayuiii/Documents/jp_speech_eval_project/JVS/jvs001/parallel100/lab/mon/VOICEACTRESS100_007.lab,self_oracle_contour_target,lab_or_reference_alignment,100,0.9811,1.0,0.0,1.0,1.0,1.0,100,52,52,tts_reference,manual,trusted,,,1.0,1.0,1.0,1.0,0.43,0.25,0.12,0.2,same native mora-level F0 used as both user contour and reference target
jvs001:VOICEACTRESS100_007,jvs001,VOICEACTRESS100_007,時間領域と、空間領域で共通する処理手法は、フィルタリングによる、入力信号の強化である。,ジカンリョーイキトクーカンリョーイキデキョーツースルショリシュホーワフィルタリングニヨルニューリョクシンゴーノキョーカデアル,53,/Users/ryukayuiii/Documents/jp_speech_eval_project/JVS/jvs001/parallel100/wav24kHz16bit/VOICEACTRESS100_007.wav,/Users/ryukayuiii/Documents/jp_speech_eval_project/JVS/jvs001/parallel100/lab/mon/VOICEACTRESS100_007.lab,smoothed_self_target,lab_or_reference_alignment,96,0.9811,0.972034278145908,0.2364982879627921,0.9335793357933578,0.9615384615384616,1.0,100,52,52,tts_reference,manual,trusted,,,0.9567543974274937,0.9335793357933578,1.0,0.9615384615384616,0.43,0.25,0.12,0.2,same native contour smoothed with a 3-point mora-level kernel as reference target
jvs001:VOICEACTRESS100_007,jvs001,VOICEACTRESS100_007,時間領域と、空間領域で共通する処理手法は、フィルタリングによる、入力信号の強化である。,ジカンリョーイキトクーカンリョーイキデキョーツースルショリシュホーワフィルタリングニヨルニューリョクシンゴーノキョーカデアル,53,/Users/ryukayuiii/Documents/jp_speech_eval_project/JVS/jvs001/parallel100/wav24kHz16bit/VOICEACTRESS100_007.wav,/Users/ryukayuiii/Documents/jp_speech_eval_project/JVS/jvs001/parallel100/lab/mon/VOICEACTRESS100_007.lab,shifted_self_target_-1_mora,lab_or_reference_alignment,73,0.9811,0.6077339839898744,0.8734617722196675,0.6243718592964825,0.6538461538461539,0.0,100,52,52,tts_reference,manual,trusted,,,0.7565504828031351,0.6243718592964825,1.0,0.6538461538461539,0.43,0.25,0.12,0.2,self reference shifted by one mora to quantify alignment sensitivity
jvs001:VOICEACTRESS100_007,jvs001,VOICEACTRESS100_007,時間領域と、空間領域で共通する処理手法は、フィルタリングによる、入力信号の強化である。,ジカンリョーイキトクーカンリョーイキデキョーツースルショリシュホーワフィルタリングニヨルニューリョクシンゴーノキョーカデアル,53,/Users/ryukayuiii/Documents/jp_speech_eval_project/JVS/jvs001/parallel100/wav24kHz16bit/VOICEACTRESS100_007.wav,/Users/ryukayuiii/Documents/jp_speech_eval_project/JVS/jvs001/parallel100/lab/mon/VOICEACTRESS100_007.lab,shifted_self_target_+1_mora,lab_or_reference_alignment,75,0.9811,0.6077339839898742,0.888798664174682,0.6833740831295844,0.6538461538461539,,100,52,52,tts_reference,manual,trusted,,,0.7550696886687727,0.6833740831295844,1.0,0.6538461538461539,0.43,0.25,0.12,0.2,self reference shifted by one mora to quantify alignment sensitivity
jvs001:VOICEACTRESS100_007,jvs001,VOICEACTRESS100_007,時間領域と、空間領域で共通する処理手法は、フィルタリングによる、入力信号の強化である。,ジカンリョーイキトクーカンリョーイキデキョーツースルショリシュホーワフィルタリングニヨルニューリョクシンゴーノキョーカデアル,53,/Users/ryukayuiii/Documents/jp_speech_eval_project/JVS/jvs001/parallel100/wav24kHz16bit/VOICEACTRESS100_007.wav,/Users/ryukayuiii/Documents/jp_speech_eval_project/JVS/jvs001/parallel100/lab/mon/VOICEACTRESS100_007.lab,flat_user_contour_vs_self_target,lab_or_reference_alignment,46,0.9811,0.0,0.9999999718273124,0.23655913978494625,0.5961538461538461,0.0,45,52,52,tts_reference,manual,trusted,,,0.5319592004769298,0.23655913978494625,0.45,0.5961538461538461,0.43,0.25,0.12,0.2,user contour flattened while target/reference remains native self contour
jvs001:VOICEACTRESS100_007,jvs001,VOICEACTRESS100_007,時間領域と、空間領域で共通する処理手法は、フィルタリングによる、入力信号の強化である。,ジカンリョーイキトクーカンリョーイキデキョーツースルショリシュホーワフィルタリングニヨルニューリョクシンゴーノキョーカデアル,53,/Users/ryukayuiii/Documents/jp_speech_eval_project/JVS/jvs001/parallel100/wav24kHz16bit/VOICEACTRESS100_007.wav,/Users/ryukayuiii/Documents/jp_speech_eval_project/JVS/jvs001/parallel100/lab/mon/VOICEACTRESS100_007.lab,shuffled_user_contour_vs_self_target,lab_or_reference_alignment,59,0.9811,0.15315099840514423,1.3014214950421135,0.6523297491039426,0.6538461538461539,1.0,45,52,52,tts_reference,manual,trusted,,,0.5601053091958781,0.6523297491039426,0.45,0.6538461538461539,0.43,0.25,0.12,0.2,valid user F0 values shuffled while target/reference remains native self contour
jvs001:VOICEACTRESS100_008,jvs001,VOICEACTRESS100_008,シャンチーの専業プロは、チームから支払われる給料と、対局費を、主な収入としている。,シャンチーノセンギョープロワチームカラシハラワレルキューリョートタイキョクヒヲオモナシューニュートシテイル,46,/Users/ryukayuiii/Documents/jp_speech_eval_project/JVS/jvs001/parallel100/wav24kHz16bit/VOICEACTRESS100_008.wav,/Users/ryukayuiii/Documents/jp_speech_eval_project/JVS/jvs001/parallel100/lab/mon/VOICEACTRESS100_008.lab,current_openjtalk_target,equal,67,0.8043,0.21061821699678857,1.2565497974111846,0.8298969072164948,0.6216216216216216,0.75,75,37,37,openjtalk_accent_phrase_chain,openjtalk_accent_phrase_chain,tool_generated_high,,,0.5837697865762499,0.8298969072164948,0.75,0.6216216216216216,0.55,0.25,0.12,0.08,existing runtime path with trimmed audio and equal mora boundaries
jvs001:VOICEACTRESS100_008,jvs001,VOICEACTRESS100_008,シャンチーの専業プロは、チームから支払われる給料と、対局費を、主な収入としている。,シャンチーノセンギョープロワチームカラシハラワレルキューリョートタイキョクヒヲオモナシューニュートシテイル,46,/Users/ryukayuiii/Documents/jp_speech_eval_project/JVS/jvs001/parallel100/wav24kHz16bit/VOICEACTRESS100_008.wav,/Users/ryukayuiii/Documents/jp_speech_eval_project/JVS/jvs001/parallel100/lab/mon/VOICEACTRESS100_008.lab,current_openjtalk_target_lab_alignment,lab_or_reference_alignment,71,1.0,0.3403320680747908,1.1497452342066954,0.7400722021660647,0.6956521739130435,0.5,100,46,46,openjtalk_accent_phrase_chain,openjtalk_accent_phrase_chain,tool_generated_high,,,0.6379491895307676,0.7400722021660647,1.0,0.6956521739130435,0.55,0.25,0.12,0.08,JVS monophone lab timing mapped sequentially to target moras; f0_method=pyworld.dio+stonemask; mapping_warnings=none
jvs001:VOICEACTRESS100_008,jvs001,VOICEACTRESS100_008,シャンチーの専業プロは、チームから支払われる給料と、対局費を、主な収入としている。,シャンチーノセンギョープロワチームカラシハラワレルキューリョートタイキョクヒヲオモナシューニュートシテイル,46,/Users/ryukayuiii/Documents/jp_speech_eval_project/JVS/jvs001/parallel100/wav24kHz16bit/VOICEACTRESS100_008.wav,/Users/ryukayuiii/Documents/jp_speech_eval_project/JVS/jvs001/parallel100/lab/mon/VOICEACTRESS100_008.lab,self_oracle_contour_target,lab_or_reference_alignment,100,1.0,1.0,0.0,1.0,1.0,1.0,100,46,46,tts_reference,manual,trusted,,,1.0,1.0,1.0,1.0,0.43,0.25,0.12,0.2,same native mora-level F0 used as both user contour and reference target
jvs001:VOICEACTRESS100_008,jvs001,VOICEACTRESS100_008,シャンチーの専業プロは、チームから支払われる給料と、対局費を、主な収入としている。,シャンチーノセンギョープロワチームカラシハラワレルキューリョートタイキョクヒヲオモナシューニュートシテイル,46,/Users/ryukayuiii/Documents/jp_speech_eval_project/JVS/jvs001/parallel100/wav24kHz16bit/VOICEACTRESS100_008.wav,/Users/ryukayuiii/Documents/jp_speech_eval_project/JVS/jvs001/parallel100/lab/mon/VOICEACTRESS100_008.lab,smoothed_self_target,lab_or_reference_alignment,93,1.0,0.9277006176304622,0.3802614282117685,0.8735177865612649,0.9565217391304348,1.0,100,46,46,tts_reference,manual,trusted,,,0.9227505299058747,0.8735177865612649,1.0,0.9565217391304348,0.43,0.25,0.12,0.2,same native contour smoothed with a 3-point mora-level kernel as reference target
jvs001:VOICEACTRESS100_008,jvs001,VOICEACTRESS100_008,シャンチーの専業プロは、チームから支払われる給料と、対局費を、主な収入としている。,シャンチーノセンギョープロワチームカラシハラワレルキューリョートタイキョクヒヲオモナシューニュートシテイル,46,/Users/ryukayuiii/Documents/jp_speech_eval_project/JVS/jvs001/parallel100/wav24kHz16bit/VOICEACTRESS100_008.wav,/Users/ryukayuiii/Documents/jp_speech_eval_project/JVS/jvs001/parallel100/lab/mon/VOICEACTRESS100_008.lab,shifted_self_target_-1_mora,lab_or_reference_alignment,69,1.0,0.3866385851510722,1.1032579680828885,0.5738396624472573,0.717391304347826,0.0,100,46,46,tts_reference,manual,trusted,,,0.6581267248303782,0.5738396624472573,1.0,0.717391304347826,0.43,0.25,0.12,0.2,self reference shifted by one mora to quantify alignment sensitivity
jvs001:VOICEACTRESS100_008,jvs001,VOICEACTRESS100_008,シャンチーの専業プロは、チームから支払われる給料と、対局費を、主な収入としている。,シャンチーノセンギョープロワチームカラシハラワレルキューリョートタイキョクヒヲオモナシューニュートシテイル,46,/Users/ryukayuiii/Documents/jp_speech_eval_project/JVS/jvs001/parallel100/wav24kHz16bit/VOICEACTRESS100_008.wav,/Users/ryukayuiii/Documents/jp_speech_eval_project/JVS/jvs001/parallel100/lab/mon/VOICEACTRESS100_008.lab,shifted_self_target_+1_mora,lab_or_reference_alignment,69,1.0,0.3866385851510722,1.1082259526175045,0.5904761904761904,0.6956521739130435,1.0,100,46,46,tts_reference,manual,trusted,,,0.657698015643652,0.5904761904761904,1.0,0.6956521739130435,0.43,0.25,0.12,0.2,self reference shifted by one mora to quantify alignment sensitivity
jvs001:VOICEACTRESS100_008,jvs001,VOICEACTRESS100_008,シャンチーの専業プロは、チームから支払われる給料と、対局費を、主な収入としている。,シャンチーノセンギョープロワチームカラシハラワレルキューリョートタイキョクヒヲオモナシューニュートシテイル,46,/Users/ryukayuiii/Documents/jp_speech_eval_project/JVS/jvs001/parallel100/wav24kHz16bit/VOICEACTRESS100_008.wav,/Users/ryukayuiii/Documents/jp_speech_eval_project/JVS/jvs001/parallel100/lab/mon/VOICEACTRESS100_008.lab,flat_user_contour_vs_self_target,lab_or_reference_alignment,43,1.0,0.0,0.9999999676391282,0.1967871485943775,0.5,0.0,45,46,46,tts_reference,manual,trusted,,,0.5319592008579692,0.1967871485943775,0.45,0.5,0.43,0.25,0.12,0.2,user contour flattened while target/reference remains native self contour
jvs001:VOICEACTRESS100_008,jvs001,VOICEACTRESS100_008,シャンチーの専業プロは、チームから支払われる給料と、対局費を、主な収入としている。,シャンチーノセンギョープロワチームカラシハラワレルキューリョートタイキョクヒヲオモナシューニュートシテイル,46,/Users/ryukayuiii/Documents/jp_speech_eval_project/JVS/jvs001/parallel100/wav24kHz16bit/VOICEACTRESS100_008.wav,/Users/ryukayuiii/Documents/jp_speech_eval_project/JVS/jvs001/parallel100/lab/mon/VOICEACTRESS100_008.lab,shuffled_user_contour_vs_self_target,lab_or_reference_alignment,54,1.0,-0.1480037098374112,1.5152581532772569,0.5542168674698794,0.4782608695652174,0.5,100,46,46,tts_reference,manual,trusted,,,0.4388316646812663,0.5542168674698794,1.0,0.4782608695652174,0.43,0.25,0.12,0.2,valid user F0 values shuffled while target/reference remains native self contour
jvs001:VOICEACTRESS100_009,jvs001,VOICEACTRESS100_009,また禰寝氏は、中山王の治める、琉球王国との交易にも参加した。,マタネジメシワチューサンノーノオサメルリューキューオーコクトノコーエキニモサンカシタ,39,/Users/ryukayuiii/Documents/jp_speech_eval_project/JVS/jvs001/parallel100/wav24kHz16bit/VOICEACTRESS100_009.wav,/Users/ryukayuiii/Documents/jp_speech_eval_project/JVS/jvs001/parallel100/lab/mon/VOICEACTRESS100_009.lab,current_openjtalk_target,equal,53,0.9487,-0.25353334058752225,1.583313416883266,0.6138613861386139,0.43243243243243246,0.0,100,37,37,openjtalk_accent_phrase_chain,openjtalk_accent_phrase_chain,tool_generated_high,,,0.3971913895738759,0.6138613861386139,1.0,0.43243243243243246,0.55,0.25,0.12,0.08,existing runtime path with trimmed audio and equal mora boundaries
jvs001:VOICEACTRESS100_009,jvs001,VOICEACTRESS100_009,また禰寝氏は、中山王の治める、琉球王国との交易にも参加した。,マタネジメシワチューサンノーノオサメルリューキューオーコクトノコーエキニモサンカシタ,39,/Users/ryukayuiii/Documents/jp_speech_eval_project/JVS/jvs001/parallel100/wav24kHz16bit/VOICEACTRESS100_009.wav,/Users/ryukayuiii/Documents/jp_speech_eval_project/JVS/jvs001/parallel100/lab/mon/VOICEACTRESS100_009.lab,current_openjtalk_target_lab_alignment,lab_or_reference_alignment,73,1.0,0.3212427724529042,1.1659408558364712,0.8558951965065502,0.5897435897435898,0.6666666666666666,100,39,39,openjtalk_accent_phrase_chain,openjtalk_accent_phrase_chain,tool_generated_high,,,0.6299062793077415,0.8558951965065502,1.0,0.5897435897435898,0.55,0.25,0.12,0.08,JVS monophone lab timing mapped sequentially to target moras; f0_method=pyworld.dio+stonemask; mapping_warnings=none
jvs001:VOICEACTRESS100_009,jvs001,VOICEACTRESS100_009,また禰寝氏は、中山王の治める、琉球王国との交易にも参加した。,マタネジメシワチューサンノーノオサメルリューキューオーコクトノコーエキニモサンカシタ,39,/Users/ryukayuiii/Documents/jp_speech_eval_project/JVS/jvs001/parallel100/wav24kHz16bit/VOICEACTRESS100_009.wav,/Users/ryukayuiii/Documents/jp_speech_eval_project/JVS/jvs001/parallel100/lab/mon/VOICEACTRESS100_009.lab,self_oracle_contour_target,lab_or_reference_alignment,100,1.0,0.9999999999999998,0.0,1.0,1.0,,100,39,39,tts_reference,manual,trusted,,,0.9999999999999998,1.0,1.0,1.0,0.43,0.25,0.12,0.2,same native mora-level F0 used as both user contour and reference target
jvs001:VOICEACTRESS100_009,jvs001,VOICEACTRESS100_009,また禰寝氏は、中山王の治める、琉球王国との交易にも参加した。,マタネジメシワチューサンノーノオサメルリューキューオーコクトノコーエキニモサンカシタ,39,/Users/ryukayuiii/Documents/jp_speech_eval_project/JVS/jvs001/parallel100/wav24kHz16bit/VOICEACTRESS100_009.wav,/Users/ryukayuiii/Documents/jp_speech_eval_project/JVS/jvs001/parallel100/lab/mon/VOICEACTRESS100_009.lab,smoothed_self_target,lab_or_reference_alignment,94,1.0,0.9548103783793795,0.30063139760223045,0.85,1.0,,100,39,39,tts_reference,manual,trusted,,,0.9423145208835295,0.85,1.0,1.0,0.43,0.25,0.12,0.2,same native contour smoothed with a 3-point mora-level kernel as reference target
jvs001:VOICEACTRESS100_009,jvs001,VOICEACTRESS100_009,また禰寝氏は、中山王の治める、琉球王国との交易にも参加した。,マタネジメシワチューサンノーノオサメルリューキューオーコクトノコーエキニモサンカシタ,39,/Users/ryukayuiii/Documents/jp_speech_eval_project/JVS/jvs001/parallel100/wav24kHz16bit/VOICEACTRESS100_009.wav,/Users/ryukayuiii/Documents/jp_speech_eval_project/JVS/jvs001/parallel100/lab/mon/VOICEACTRESS100_009.lab,shifted_self_target_-1_mora,lab_or_reference_alignment,73,1.0,0.5839158180751858,0.9066553578538903,0.5355285961871751,0.7692307692307693,,100,39,39,tts_reference,manual,trusted,,,0.7450234932212513,0.5355285961871751,1.0,0.7692307692307693,0.43,0.25,0.12,0.2,self reference shifted by one mora to quantify alignment sensitivity
jvs001:VOICEACTRESS100_009,jvs001,VOICEACTRESS100_009,また禰寝氏は、中山王の治める、琉球王国との交易にも参加した。,マタネジメシワチューサンノーノオサメルリューキューオーコクトノコーエキニモサンカシタ,39,/Users/ryukayuiii/Documents/jp_speech_eval_project/JVS/jvs001/parallel100/wav24kHz16bit/VOICEACTRESS100_009.wav,/Users/ryukayuiii/Documents/jp_speech_eval_project/JVS/jvs001/parallel100/lab/mon/VOICEACTRESS100_009.lab,shifted_self_target_+1_mora,lab_or_reference_alignment,74,1.0,0.5839158180751853,0.9179972359279431,0.5957820738137083,0.7692307692307693,,100,39,39,tts_reference,manual,trusted,,,0.7439453717952352,0.5957820738137083,1.0,0.7692307692307693,0.43,0.25,0.12,0.2,self reference shifted by one mora to quantify alignment sensitivity
jvs001:VOICEACTRESS100_009,jvs001,VOICEACTRESS100_009,また禰寝氏は、中山王の治める、琉球王国との交易にも参加した。,マタネジメシワチューサンノーノオサメルリューキューオーコクトノコーエキニモサンカシタ,39,/Users/ryukayuiii/Documents/jp_speech_eval_project/JVS/jvs001/parallel100/wav24kHz16bit/VOICEACTRESS100_009.wav,/Users/ryukayuiii/Documents/jp_speech_eval_project/JVS/jvs001/parallel100/lab/mon/VOICEACTRESS100_009.lab,flat_user_contour_vs_self_target,lab_or_reference_alignment,47,1.0,0.0,0.9999999699550632,0.315,0.5384615384615384,,45,39,39,tts_reference,manual,trusted,,,0.5319592006472663,0.315,0.45,0.5384615384615384,0.43,0.25,0.12,0.2,user contour flattened while target/reference remains native self contour
jvs001:VOICEACTRESS100_009,jvs001,VOICEACTRESS100_009,また禰寝氏は、中山王の治める、琉球王国との交易にも参加した。,マタネジメシワチューサンノーノオサメルリューキューオーコクトノコーエキニモサンカシタ,39,/Users/ryukayuiii/Documents/jp_speech_eval_project/JVS/jvs001/parallel100/wav24kHz16bit/VOICEACTRESS100_009.wav,/Users/ryukayuiii/Documents/jp_speech_eval_project/JVS/jvs001/parallel100/lab/mon/VOICEACTRESS100_009.lab,shuffled_user_contour_vs_self_target,lab_or_reference_alignment,52,1.0,-0.018938605609287056,1.4275423246834849,0.5700000000000001,0.5384615384615384,,45,39,39,tts_reference,manual,trusted,,,0.490309573732874,0.5700000000000001,0.45,0.5384615384615384,0.43,0.25,0.12,0.2,valid user F0 values shuffled while target/reference remains native self contour
jvs001:VOICEACTRESS100_010,jvs001,VOICEACTRESS100_010,スマートフォンから、フィーチャーフォンまで、マルチデバイスに対応。,スマートフォンカラフィーチャーフォンマデマルチデバイスニタイオー,28,/Users/ryukayuiii/Documents/jp_speech_eval_project/JVS/jvs001/parallel100/wav24kHz16bit/VOICEACTRESS100_010.wav,/Users/ryukayuiii/Documents/jp_speech_eval_project/JVS/jvs001/parallel100/lab/mon/VOICEACTRESS100_010.lab,current_openjtalk_target,equal,81,0.9643,0.5596462690432925,0.9388692091008941,0.9240506329113922,0.6666666666666666,0.6666666666666666,100,27,27,openjtalk_accent_phrase_chain,openjtalk_accent_phrase_chain,tool_generated_high,,,0.7334829166565059,0.9240506329113922,1.0,0.6666666666666666,0.55,0.25,0.12,0.08,existing runtime path with trimmed audio and equal mora boundaries
jvs001:VOICEACTRESS100_010,jvs001,VOICEACTRESS100_010,スマートフォンから、フィーチャーフォンまで、マルチデバイスに対応。,スマートフォンカラフィーチャーフォンマデマルチデバイスニタイオー,28,/Users/ryukayuiii/Documents/jp_speech_eval_project/JVS/jvs001/parallel100/wav24kHz16bit/VOICEACTRESS100_010.wav,/Users/ryukayuiii/Documents/jp_speech_eval_project/JVS/jvs001/parallel100/lab/mon/VOICEACTRESS100_010.lab,current_openjtalk_target_lab_alignment,lab_or_reference_alignment,79,1.0,0.5495688929310388,0.94913760275905,0.855421686746988,0.75,0.3333333333333333,100,28,28,openjtalk_accent_phrase_chain,openjtalk_accent_phrase_chain,tool_generated_high,,,0.7289950936056684,0.855421686746988,1.0,0.75,0.55,0.25,0.12,0.08,JVS monophone lab timing mapped sequentially to target moras; f0_method=pyworld.dio+stonemask; mapping_warnings=none
jvs001:VOICEACTRESS100_010,jvs001,VOICEACTRESS100_010,スマートフォンから、フィーチャーフォンまで、マルチデバイスに対応。,スマートフォンカラフィーチャーフォンマデマルチデバイスニタイオー,28,/Users/ryukayuiii/Documents/jp_speech_eval_project/JVS/jvs001/parallel100/wav24kHz16bit/VOICEACTRESS100_010.wav,/Users/ryukayuiii/Documents/jp_speech_eval_project/JVS/jvs001/parallel100/lab/mon/VOICEACTRESS100_010.lab,self_oracle_contour_target,lab_or_reference_alignment,100,1.0,0.9999999999999998,0.0,1.0,1.0,,100,28,28,tts_reference,manual,trusted,,,0.9999999999999998,1.0,1.0,1.0,0.43,0.25,0.12,0.2,same native mora-level F0 used as both user contour and reference target
jvs001:VOICEACTRESS100_010,jvs001,VOICEACTRESS100_010,スマートフォンから、フィーチャーフォンまで、マルチデバイスに対応。,スマートフォンカラフィーチャーフォンマデマルチデバイスニタイオー,28,/Users/ryukayuiii/Documents/jp_speech_eval_project/JVS/jvs001/parallel100/wav24kHz16bit/VOICEACTRESS100_010.wav,/Users/ryukayuiii/Documents/jp_speech_eval_project/JVS/jvs001/parallel100/lab/mon/VOICEACTRESS100_010.lab,smoothed_self_target,lab_or_reference_alignment,94,1.0,0.974818678955627,0.22441621824157273,0.8366013071895425,1.0,,100,28,28,tts_reference,manual,trusted,,,0.9593440030629409,0.8366013071895425,1.0,1.0,0.43,0.25,0.12,0.2,same native contour smoothed with a 3-point mora-level kernel as reference target
jvs001:VOICEACTRESS100_010,jvs001,VOICEACTRESS100_010,スマートフォンから、フィーチャーフォンまで、マルチデバイスに対応。,スマートフォンカラフィーチャーフォンマデマルチデバイスニタイオー,28,/Users/ryukayuiii/Documents/jp_speech_eval_project/JVS/jvs001/parallel100/wav24kHz16bit/VOICEACTRESS100_010.wav,/Users/ryukayuiii/Documents/jp_speech_eval_project/JVS/jvs001/parallel100/lab/mon/VOICEACTRESS100_010.lab,shifted_self_target_-1_mora,lab_or_reference_alignment,75,1.0,0.652149012168194,0.8374266847252059,0.5755395683453237,0.75,0.0,100,28,28,tts_reference,manual,trusted,,,0.7756199817259938,0.5755395683453237,1.0,0.75,0.43,0.25,0.12,0.2,self reference shifted by one mora to quantify alignment sensitivity
jvs001:VOICEACTRESS100_010,jvs001,VOICEACTRESS100_010,スマートフォンから、フィーチャーフォンまで、マルチデバイスに対応。,スマートフォンカラフィーチャーフォンマデマルチデバイスニタイオー,28,/Users/ryukayuiii/Documents/jp_speech_eval_project/JVS/jvs001/parallel100/wav24kHz16bit/VOICEACTRESS100_010.wav,/Users/ryukayuiii/Documents/jp_speech_eval_project/JVS/jvs001/parallel100/lab/mon/VOICEACTRESS100_010.lab,shifted_self_target_+1_mora,lab_or_reference_alignment,76,1.0,0.6521490121681942,0.8383289718272061,0.616780045351474,0.75,0.0,100,28,28,tts_reference,manual,trusted,,,0.7755309605856237,0.616780045351474,1.0,0.75,0.43,0.25,0.12,0.2,self reference shifted by one mora to quantify alignment sensitivity
jvs001:VOICEACTRESS100_010,jvs001,VOICEACTRESS100_010,スマートフォンから、フィーチャーフォンまで、マルチデバイスに対応。,スマートフォンカラフィーチャーフォンマデマルチデバイスニタイオー,28,/Users/ryukayuiii/Documents/jp_speech_eval_project/JVS/jvs001/parallel100/wav24kHz16bit/VOICEACTRESS100_010.wav,/Users/ryukayuiii/Documents/jp_speech_eval_project/JVS/jvs001/parallel100/lab/mon/VOICEACTRESS100_010.lab,flat_user_contour_vs_self_target,lab_or_reference_alignment,50,1.0,0.0,0.9999999720637337,0.2483660130718954,0.4642857142857143,,100,28,28,tts_reference,manual,trusted,,,0.5319592004554203,0.2483660130718954,1.0,0.4642857142857143,0.43,0.25,0.12,0.2,user contour flattened while target/reference remains native self contour
jvs001:VOICEACTRESS100_010,jvs001,VOICEACTRESS100_010,スマートフォンから、フィーチャーフォンまで、マルチデバイスに対応。,スマートフォンカラフィーチャーフォンマデマルチデバイスニタイオー,28,/Users/ryukayuiii/Documents/jp_speech_eval_project/JVS/jvs001/parallel100/wav24kHz16bit/VOICEACTRESS100_010.wav,/Users/ryukayuiii/Documents/jp_speech_eval_project/JVS/jvs001/parallel100/lab/mon/VOICEACTRESS100_010.lab,shuffled_user_contour_vs_self_target,lab_or_reference_alignment,46,1.0,-0.3986232419563524,1.6724970336665659,0.5424836601307188,0.2857142857142857,,100,28,28,tts_reference,manual,trusted,,,0.34048180127304606,0.5424836601307188,1.0,0.2857142857142857,0.43,0.25,0.12,0.2,valid user F0 values shuffled while target/reference remains native self contour
jvs001:VOICEACTRESS100_011,jvs001,VOICEACTRESS100_011,軽妙洒脱なナレーションから、情緒感溢れる語りまで、幅広い表現力を持つ。,ケーミョーシャダツナナレーションカラジョーチョカンアフレルカタリマデハバヒロイヒョーゲンリョクヲモツ,43,/Users/ryukayuiii/Documents/jp_speech_eval_project/JVS/jvs001/parallel100/wav24kHz16bit/VOICEACTRESS100_011.wav,/Users/ryukayuiii/Documents/jp_speech_eval_project/JVS/jvs001/parallel100/lab/mon/VOICEACTRESS100_011.lab,current_openjtalk_target,equal,69,0.9302,0.2253464811700192,1.2530228526604807,0.7966101694915255,0.625,0.6,100,40,40,openjtalk_accent_phrase_chain,openjtalk_accent_phrase_chain,tool_generated_high,,,0.5892071778212936,0.7966101694915255,1.0,0.625,0.55,0.25,0.12,0.08,existing runtime path with trimmed audio and equal mora boundaries
jvs001:VOICEACTRESS100_011,jvs001,VOICEACTRESS100_011,軽妙洒脱なナレーションから、情緒感溢れる語りまで、幅広い表現力を持つ。,ケーミョーシャダツナナレーションカラジョーチョカンアフレルカタリマデハバヒロイヒョーゲンリョクヲモツ,43,/Users/ryukayuiii/Documents/jp_speech_eval_project/JVS/jvs001/parallel100/wav24kHz16bit/VOICEACTRESS100_011.wav,/Users/ryukayuiii/Documents/jp_speech_eval_project/JVS/jvs001/parallel100/lab/mon/VOICEACTRESS100_011.lab,current_openjtalk_target_lab_alignment,lab_or_reference_alignment,78,0.9767,0.5466909552605126,0.9758052301696748,0.9531250000000001,0.6904761904761905,1.0,75,42,42,openjtalk_accent_phrase_chain,openjtalk_accent_phrase_chain,tool_generated_high,,,0.7255156311302925,0.9531250000000001,0.75,0.6904761904761905,0.55,0.25,0.12,0.08,JVS monophone lab timing mapped sequentially to target moras; f0_method=pyworld.dio+stonemask; mapping_warnings=none
jvs001:VOICEACTRESS100_011,jvs001,VOICEACTRESS100_011,軽妙洒脱なナレーションから、情緒感溢れる語りまで、幅広い表現力を持つ。,ケーミョーシャダツナナレーションカラジョーチョカンアフレルカタリマデハバヒロイヒョーゲンリョクヲモツ,43,/Users/ryukayuiii/Documents/jp_speech_eval_project/JVS/jvs001/parallel100/wav24kHz16bit/VOICEACTRESS100_011.wav,/Users/ryukayuiii/Documents/jp_speech_eval_project/JVS/jvs001/parallel100/lab/mon/VOICEACTRESS100_011.lab,self_oracle_contour_target,lab_or_reference_alignment,97,0.9767,1.0,0.0,1.0,1.0,1.0,75,42,42,tts_reference,manual,trusted,,,1.0,1.0,0.75,1.0,0.43,0.25,0.12,0.2,same native mora-level F0 used as both user contour and reference target
jvs001:VOICEACTRESS100_011,jvs001,VOICEACTRESS100_011,軽妙洒脱なナレーションから、情緒感溢れる語りまで、幅広い表現力を持つ。,ケーミョーシャダツナナレーションカラジョーチョカンアフレルカタリマデハバヒロイヒョーゲンリョクヲモツ,43,/Users/ryukayuiii/Documents/jp_speech_eval_project/JVS/jvs001/parallel100/wav24kHz16bit/VOICEACTRESS100_011.wav,/Users/ryukayuiii/Documents/jp_speech_eval_project/JVS/jvs001/parallel100/lab/mon/VOICEACTRESS100_011.lab,smoothed_self_target,lab_or_reference_alignment,91,0.9767,0.9543034702139811,0.3023128383288124,0.8967065868263472,0.9523809523809523,1.0,75,42,42,tts_reference,manual,trusted,,,0.9419201783306064,0.8967065868263472,0.75,0.9523809523809523,0.43,0.25,0.12,0.2,same native contour smoothed with a 3-point mora-level kernel as reference target
jvs001:VOICEACTRESS100_011,jvs001,VOICEACTRESS100_011,軽妙洒脱なナレーションから、情緒感溢れる語りまで、幅広い表現力を持つ。,ケーミョーシャダツナナレーションカラジョーチョカンアフレルカタリマデハバヒロイヒョーゲンリョクヲモツ,43,/Users/ryukayuiii/Documents/jp_speech_eval_project/JVS/jvs001/parallel100/wav24kHz16bit/VOICEACTRESS100_011.wav,/Users/ryukayuiii/Documents/jp_speech_eval_project/JVS/jvs001/parallel100/lab/mon/VOICEACTRESS100_011.lab,shifted_self_target_-1_mora,lab_or_reference_alignment,67,0.9767,0.5091771142277538,0.9814494429231806,0.5568862275449101,0.6904761904761905,1.0,75,42,42,tts_reference,manual,trusted,,,0.7118667614392957,0.5568862275449101,0.75,0.6904761904761905,0.43,0.25,0.12,0.2,self reference shifted by one mora to quantify alignment sensitivity
jvs001:VOICEACTRESS100_011,jvs001,VOICEACTRESS100_011,軽妙洒脱なナレーションから、情緒感溢れる語りまで、幅広い表現力を持つ。,ケーミョーシャダツナナレーションカラジョーチョカンアフレルカタリマデハバヒロイヒョーゲンリョクヲモツ,43,/Users/ryukayuiii/Documents/jp_speech_eval_project/JVS/jvs001/parallel100/wav24kHz16bit/VOICEACTRESS100_011.wav,/Users/ryukayuiii/Documents/jp_speech_eval_project/JVS/jvs001/parallel100/lab/mon/VOICEACTRESS100_011.lab,shifted_self_target_+1_mora,lab_or_reference_alignment,67,0.9767,0.5091771142277538,0.9794114540106719,0.5469953775038521,0.6904761904761905,1.0,75,42,42,tts_reference,manual,trusted,,,0.7120540000146113,0.5469953775038521,0.75,0.6904761904761905,0.43,0.25,0.12,0.2,self reference shifted by one mora to quantify alignment sensitivity
jvs001:VOICEACTRESS100_011,jvs001,VOICEACTRESS100_011,軽妙洒脱なナレーションから、情緒感溢れる語りまで、幅広い表現力を持つ。,ケーミョーシャダツナナレーションカラジョーチョカンアフレルカタリマデハバヒロイヒョーゲンリョクヲモツ,43,/Users/ryukayuiii/Documents/jp_speech_eval_project/JVS/jvs001/parallel100/wav24kHz16bit/VOICEACTRESS100_011.wav,/Users/ryukayuiii/Documents/jp_speech_eval_project/JVS/jvs001/parallel100/lab/mon/VOICEACTRESS100_011.lab,flat_user_contour_vs_self_target,lab_or_reference_alignment,47,0.9767,0.0,0.999999964363018,0.2057142857142857,0.5238095238095238,0.0,75,42,42,tts_reference,manual,trusted,,,0.5319592011560283,0.2057142857142857,0.75,0.5238095238095238,0.43,0.25,0.12,0.2,user contour flattened while target/reference remains native self contour
jvs001:VOICEACTRESS100_011,jvs001,VOICEACTRESS100_011,軽妙洒脱なナレーションから、情緒感溢れる語りまで、幅広い表現力を持つ。,ケーミョーシャダツナナレーションカラジョーチョカンアフレルカタリマデハバヒロイヒョーゲンリョクヲモツ,43,/Users/ryukayuiii/Documents/jp_speech_eval_project/JVS/jvs001/parallel100/wav24kHz16bit/VOICEACTRESS100_011.wav,/Users/ryukayuiii/Documents/jp_speech_eval_project/JVS/jvs001/parallel100/lab/mon/VOICEACTRESS100_011.lab,shuffled_user_contour_vs_self_target,lab_or_reference_alignment,53,0.9767,-0.039481163774872166,1.4418606657280877,0.5642857142857143,0.47619047619047616,0.0,75,42,42,tts_reference,manual,trusted,,,0.4820714801550997,0.5642857142857143,0.75,0.47619047619047616,0.43,0.25,0.12,0.2,valid user F0 values shuffled while target/reference remains native self contour
jvs001:VOICEACTRESS100_012,jvs001,VOICEACTRESS100_012,構造は、鋼製の単一アーチで、橋脚は、石積みである。,コーゾーワハガネセーノタンイツアーチデキョーキャクワイシツミデアル,31,/Users/ryukayuiii/Documents/jp_speech_eval_project/JVS/jvs001/parallel100/wav24kHz16bit/VOICEACTRESS100_012.wav,/Users/ryukayuiii/Documents/jp_speech_eval_project/JVS/jvs001/parallel100/lab/mon/VOICEACTRESS100_012.lab,current_openjtalk_target,equal,72,0.8387,0.31275168993824914,1.2275835256526062,0.8292682926829269,0.5769230769230769,1.0,100,26,26,openjtalk_accent_phrase_chain,openjtalk_accent_phrase_chain,tool_generated_high,,,0.6218514452342194,0.8292682926829269,1.0,0.5769230769230769,0.55,0.25,0.12,0.08,existing runtime path with trimmed audio and equal mora boundaries
jvs001:VOICEACTRESS100_012,jvs001,VOICEACTRESS100_012,構造は、鋼製の単一アーチで、橋脚は、石積みである。,コーゾーワハガネセーノタンイツアーチデキョーキャクワイシツミデアル,31,/Users/ryukayuiii/Documents/jp_speech_eval_project/JVS/jvs001/parallel100/wav24kHz16bit/VOICEACTRESS100_012.wav,/Users/ryukayuiii/Documents/jp_speech_eval_project/JVS/jvs001/parallel100/lab/mon/VOICEACTRESS100_012.lab,current_openjtalk_target_lab_alignment,lab_or_reference_alignment,81,1.0,0.47270134684450044,1.0828854284305969,1.0,0.7096774193548387,1.0,100,31,31,openjtalk_accent_phrase_chain,openjtalk_accent_phrase_chain,tool_generated_high,,,0.6900179072059713,1.0,1.0,0.7096774193548387,0.55,0.25,0.12,0.08,JVS monophone lab timing mapped sequentially to target moras; f0_method=pyworld.dio+stonemask; mapping_warnings=none
jvs001:VOICEACTRESS100_012,jvs001,VOICEACTRESS100_012,構造は、鋼製の単一アーチで、橋脚は、石積みである。,コーゾーワハガネセーノタンイツアーチデキョーキャクワイシツミデアル,31,/Users/ryukayuiii/Documents/jp_speech_eval_project/JVS/jvs001/parallel100/wav24kHz16bit/VOICEACTRESS100_012.wav,/Users/ryukayuiii/Documents/jp_speech_eval_project/JVS/jvs001/parallel100/lab/mon/VOICEACTRESS100_012.lab,self_oracle_contour_target,lab_or_reference_alignment,100,1.0,1.0,0.0,1.0,1.0,,100,31,31,tts_reference,manual,trusted,,,1.0,1.0,1.0,1.0,0.43,0.25,0.12,0.2,same native mora-level F0 used as both user contour and reference target
jvs001:VOICEACTRESS100_012,jvs001,VOICEACTRESS100_012,構造は、鋼製の単一アーチで、橋脚は、石積みである。,コーゾーワハガネセーノタンイツアーチデキョーキャクワイシツミデアル,31,/Users/ryukayuiii/Documents/jp_speech_eval_project/JVS/jvs001/parallel100/wav24kHz16bit/VOICEACTRESS100_012.wav,/Users/ryukayuiii/Documents/jp_speech_eval_project/JVS/jvs001/parallel100/lab/mon/VOICEACTRESS100_012.lab,smoothed_self_target,lab_or_reference_alignment,95,1.0,0.9387558591855667,0.34998324189727664,0.953125,0.9354838709677419,,100,31,31,tts_reference,manual,trusted,,,0.9304037671105989,0.953125,1.0,0.9354838709677419,0.43,0.25,0.12,0.2,same native contour smoothed with a 3-point mora-level kernel as reference target
jvs001:VOICEACTRESS100_012,jvs001,VOICEACTRESS100_012,構造は、鋼製の単一アーチで、橋脚は、石積みである。,コーゾーワハガネセーノタンイツアーチデキョーキャクワイシツミデアル,31,/Users/ryukayuiii/Documents/jp_speech_eval_project/JVS/jvs001/parallel100/wav24kHz16bit/VOICEACTRESS100_012.wav,/Users/ryukayuiii/Documents/jp_speech_eval_project/JVS/jvs001/parallel100/lab/mon/VOICEACTRESS100_012.lab,shifted_self_target_-1_mora,lab_or_reference_alignment,66,1.0,0.2911129617918331,1.1377363330674528,0.582995951417004,0.6129032258064516,1.0,100,31,31,tts_reference,manual,trusted,,,0.6217393011329773,0.582995951417004,1.0,0.6129032258064516,0.43,0.25,0.12,0.2,self reference shifted by one mora to quantify alignment sensitivity
jvs001:VOICEACTRESS100_012,jvs001,VOICEACTRESS100_012,構造は、鋼製の単一アーチで、橋脚は、石積みである。,コーゾーワハガネセーノタンイツアーチデキョーキャクワイシツミデアル,31,/Users/ryukayuiii/Documents/jp_speech_eval_project/JVS/jvs001/parallel100/wav24kHz16bit/VOICEACTRESS100_012.wav,/Users/ryukayuiii/Documents/jp_speech_eval_project/JVS/jvs001/parallel100/lab/mon/VOICEACTRESS100_012.lab,shifted_self_target_+1_mora,lab_or_reference_alignment,64,1.0,0.29111296179183316,1.1899585921099733,0.47524752475247517,0.6774193548387096,,100,31,31,tts_reference,manual,trusted,,,0.6173617322792656,0.47524752475247517,1.0,0.6774193548387096,0.43,0.25,0.12,0.2,self reference shifted by one mora to quantify alignment sensitivity
jvs001:VOICEACTRESS100_012,jvs001,VOICEACTRESS100_012,構造は、鋼製の単一アーチで、橋脚は、石積みである。,コーゾーワハガネセーノタンイツアーチデキョーキャクワイシツミデアル,31,/Users/ryukayuiii/Documents/jp_speech_eval_project/JVS/jvs001/parallel100/wav24kHz16bit/VOICEACTRESS100_012.wav,/Users/ryukayuiii/Documents/jp_speech_eval_project/JVS/jvs001/parallel100/lab/mon/VOICEACTRESS100_012.lab,flat_user_contour_vs_self_target,lab_or_reference_alignment,41,1.0,0.0,0.9999999594646435,0.05639097744360902,0.5806451612903226,,45,31,31,tts_reference,manual,trusted,,,0.5319592016016805,0.05639097744360902,0.45,0.5806451612903226,0.43,0.25,0.12,0.2,user contour flattened while target/reference remains native self contour
jvs001:VOICEACTRESS100_012,jvs001,VOICEACTRESS100_012,構造は、鋼製の単一アーチで、橋脚は、石積みである。,コーゾーワハガネセーノタンイツアーチデキョーキャクワイシツミデアル,31,/Users/ryukayuiii/Documents/jp_speech_eval_project/JVS/jvs001/parallel100/wav24kHz16bit/VOICEACTRESS100_012.wav,/Users/ryukayuiii/Documents/jp_speech_eval_project/JVS/jvs001/parallel100/lab/mon/VOICEACTRESS100_012.lab,shuffled_user_contour_vs_self_target,lab_or_reference_alignment,48,1.0,-0.2795951745917267,1.5997468992650279,0.4398496240601503,0.41935483870967744,,100,31,31,tts_reference,manual,trusted,,,0.3869574380311672,0.4398496240601503,1.0,0.41935483870967744,0.43,0.25,0.12,0.2,valid user F0 values shuffled while target/reference remains native self contour
jvs001:VOICEACTRESS100_013,jvs001,VOICEACTRESS100_013,そこへ、オーナーが新しいシェフとして、腕利きのヒョヌクを招く。,ソコエオーナーガアタラシイシェフトシテウデキキノヒョヌクヲマネク,30,/Users/ryukayuiii/Documents/jp_speech_eval_project/JVS/jvs001/parallel100/wav24kHz16bit/VOICEACTRESS100_013.wav,/Users/ryukayuiii/Documents/jp_speech_eval_project/JVS/jvs001/parallel100/lab/mon/VOICEACTRESS100_013.lab,current_openjtalk_target,equal,54,0.8,-0.18804808777072377,1.5414590838337756,0.5970149253731342,0.4166666666666667,0.5,100,24,24,openjtalk_accent_phrase_chain,openjtalk_accent_phrase_chain,tool_generated_high,,,0.42298579049672236,0.5970149253731342,1.0,0.4166666666666667,0.55,0.25,0.12,0.08,existing runtime path with trimmed audio and equal mora boundaries
jvs001:VOICEACTRESS100_013,jvs001,VOICEACTRESS100_013,そこへ、オーナーが新しいシェフとして、腕利きのヒョヌクを招く。,ソコエオーナーガアタラシイシェフトシテウデキキノヒョヌクヲマネク,30,/Users/ryukayuiii/Documents/jp_speech_eval_project/JVS/jvs001/parallel100/wav24kHz16bit/VOICEACTRESS100_013.wav,/Users/ryukayuiii/Documents/jp_speech_eval_project/JVS/jvs001/parallel100/lab/mon/VOICEACTRESS100_013.lab,current_openjtalk_target_lab_alignment,lab_or_reference_alignment,74,0.9667,0.4545032804694066,1.044765045438265,0.848314606741573,0.7586206896551724,0.75,75,29,29,openjtalk_accent_phrase_chain,openjtalk_accent_phrase_chain,tool_generated_high,,,0.6870078807515702,0.848314606741573,0.75,0.7586206896551724,0.55,0.25,0.12,0.08,JVS monophone lab timing mapped sequentially to target moras; f0_method=pyworld.dio+stonemask; mapping_warnings=none
jvs001:VOICEACTRESS100_013,jvs001,VOICEACTRESS100_013,そこへ、オーナーが新しいシェフとして、腕利きのヒョヌクを招く。,ソコエオーナーガアタラシイシェフトシテウデキキノヒョヌクヲマネク,30,/Users/ryukayuiii/Documents/jp_speech_eval_project/JVS/jvs001/parallel100/wav24kHz16bit/VOICEACTRESS100_013.wav,/Users/ryukayuiii/Documents/jp_speech_eval_project/JVS/jvs001/parallel100/lab/mon/VOICEACTRESS100_013.lab,self_oracle_contour_target,lab_or_reference_alignment,97,0.9667,1.0,0.0,1.0,1.0,1.0,75,29,29,tts_reference,manual,trusted,,,1.0,1.0,0.75,1.0,0.43,0.25,0.12,0.2,same native mora-level F0 used as both user contour and reference target
jvs001:VOICEACTRESS100_013,jvs001,VOICEACTRESS100_013,そこへ、オーナーが新しいシェフとして、腕利きのヒョヌクを招く。,ソコエオーナーガアタラシイシェフトシテウデキキノヒョヌクヲマネク,30,/Users/ryukayuiii/Documents/jp_speech_eval_project/JVS/jvs001/parallel100/wav24kHz16bit/VOICEACTRESS100_013.wav,/Users/ryukayuiii/Documents/jp_speech_eval_project/JVS/jvs001/parallel100/lab/mon/VOICEACTRESS100_013.lab,smoothed_self_target,lab_or_reference_alignment,92,0.9667,0.9507880811879551,0.3137257262183283,0.979683972911964,0.9310344827586207,1.0,75,29,29,tts_reference,manual,trusted,,,0.9392222119094655,0.979683972911964,0.75,0.9310344827586207,0.43,0.25,0.12,0.2,same native contour smoothed with a 3-point mora-level kernel as reference target
jvs001:VOICEACTRESS100_013,jvs001,VOICEACTRESS100_013,そこへ、オーナーが新しいシェフとして、腕利きのヒョヌクを招く。,ソコエオーナーガアタラシイシェフトシテウデキキノヒョヌクヲマネク,30,/Users/ryukayuiii/Documents/jp_speech_eval_project/JVS/jvs001/parallel100/wav24kHz16bit/VOICEACTRESS100_013.wav,/Users/ryukayuiii/Documents/jp_speech_eval_project/JVS/jvs001/parallel100/lab/mon/VOICEACTRESS100_013.lab,shifted_self_target_-1_mora,lab_or_reference_alignment,70,0.9667,0.5594550608372227,0.9407424188647031,0.6071428571428571,0.6896551724137931,1.0,75,29,29,tts_reference,manual,trusted,,,0.7332403626735349,0.6071428571428571,0.75,0.6896551724137931,0.43,0.25,0.12,0.2,self reference shifted by one mora to quantify alignment sensitivity
jvs001:VOICEACTRESS100_013,jvs001,VOICEACTRESS100_013,そこへ、オーナーが新しいシェフとして、腕利きのヒョヌクを招く。,ソコエオーナーガアタラシイシェフトシテウデキキノヒョヌクヲマネク,30,/Users/ryukayuiii/Documents/jp_speech_eval_project/JVS/jvs001/parallel100/wav24kHz16bit/VOICEACTRESS100_013.wav,/Users/ryukayuiii/Documents/jp_speech_eval_project/JVS/jvs001/parallel100/lab/mon/VOICEACTRESS100_013.lab,shifted_self_target_+1_mora,lab_or_reference_alignment,69,0.9667,0.5594550608372227,0.9489182128355583,0.580046403712297,0.6896551724137931,,75,29,29,tts_reference,manual,trusted,,,0.7324757276195826,0.580046403712297,0.75,0.6896551724137931,0.43,0.25,0.12,0.2,self reference shifted by one mora to quantify alignment sensitivity
jvs001:VOICEACTRESS100_013,jvs001,VOICEACTRESS100_013,そこへ、オーナーが新しいシェフとして、腕利きのヒョヌクを招く。,ソコエオーナーガアタラシイシェフトシテウデキキノヒョヌクヲマネク,30,/Users/ryukayuiii/Documents/jp_speech_eval_project/JVS/jvs001/parallel100/wav24kHz16bit/VOICEACTRESS100_013.wav,/Users/ryukayuiii/Documents/jp_speech_eval_project/JVS/jvs001/parallel100/lab/mon/VOICEACTRESS100_013.lab,flat_user_contour_vs_self_target,lab_or_reference_alignment,45,0.9667,0.0,0.9999999710487737,0.11563169164882227,0.5172413793103449,0.0,75,29,29,tts_reference,manual,trusted,,,0.5319592005477609,0.11563169164882227,0.75,0.5172413793103449,0.43,0.25,0.12,0.2,user contour flattened while target/reference remains native self contour
jvs001:VOICEACTRESS100_013,jvs001,VOICEACTRESS100_013,そこへ、オーナーが新しいシェフとして、腕利きのヒョヌクを招く。,ソコエオーナーガアタラシイシェフトシテウデキキノヒョヌクヲマネク,30,/Users/ryukayuiii/Documents/jp_speech_eval_project/JVS/jvs001/parallel100/wav24kHz16bit/VOICEACTRESS100_013.wav,/Users/ryukayuiii/Documents/jp_speech_eval_project/JVS/jvs001/parallel100/lab/mon/VOICEACTRESS100_013.lab,shuffled_user_contour_vs_self_target,lab_or_reference_alignment,44,0.9667,-0.251895890455302,1.582337396364916,0.40899357601713054,0.3793103448275862,0.0,75,29,29,tts_reference,manual,trusted,,,0.3978308475958867,0.40899357601713054,0.75,0.3793103448275862,0.43,0.25,0.12,0.2,valid user F0 values shuffled while target/reference remains native self contour
jvs001:VOICEACTRESS100_014,jvs001,VOICEACTRESS100_014,クィーンズアベニューアルファに所属している。,クイーンズアベニューアルファニショゾクシテイル,20,/Users/ryukayuiii/Documents/jp_speech_eval_project/JVS/jvs001/parallel100/wav24kHz16bit/VOICEACTRESS100_014.wav,/Users/ryukayuiii/Documents/jp_speech_eval_project/JVS/jvs001/parallel100/lab/mon/VOICEACTRESS100_014.lab,current_openjtalk_target,equal,81,1.0,0.6522426099110454,0.8692527749056589,0.8392857142857142,0.75,1.0,100,20,20,openjtalk_accent_phrase_chain,openjtalk_accent_phrase_chain,tool_generated_high,,,0.7725368750066478,0.8392857142857142,1.0,0.75,0.55,0.25,0.12,0.08,existing runtime path with trimmed audio and equal mora boundaries
jvs001:VOICEACTRESS100_014,jvs001,VOICEACTRESS100_014,クィーンズアベニューアルファに所属している。,クイーンズアベニューアルファニショゾクシテイル,20,/Users/ryukayuiii/Documents/jp_speech_eval_project/JVS/jvs001/parallel100/wav24kHz16bit/VOICEACTRESS100_014.wav,/Users/ryukayuiii/Documents/jp_speech_eval_project/JVS/jvs001/parallel100/lab/mon/VOICEACTRESS100_014.lab,current_openjtalk_target_lab_alignment,lab_or_reference_alignment,79,1.0,0.5898013886694874,0.9352703557347279,0.7857142857142856,0.75,0.0,100,20,20,openjtalk_accent_phrase_chain,openjtalk_accent_phrase_chain,tool_generated_high,,,0.744375096979629,0.7857142857142856,1.0,0.75,0.55,0.25,0.12,0.08,JVS monophone lab timing mapped sequentially to target moras; f0_method=pyworld.dio+stonemask; mapping_warnings=none
jvs001:VOICEACTRESS100_014,jvs001,VOICEACTRESS100_014,クィーンズアベニューアルファに所属している。,クイーンズアベニューアルファニショゾクシテイル,20,/Users/ryukayuiii/Documents/jp_speech_eval_project/JVS/jvs001/parallel100/wav24kHz16bit/VOICEACTRESS100_014.wav,/Users/ryukayuiii/Documents/jp_speech_eval_project/JVS/jvs001/parallel100/lab/mon/VOICEACTRESS100_014.lab,self_oracle_contour_target,lab_or_reference_alignment,100,1.0,0.9999999999999998,0.0,1.0,1.0,,100,20,20,tts_reference,manual,trusted,,,0.9999999999999998,1.0,1.0,1.0,0.43,0.25,0.12,0.2,same native mora-level F0 used as both user contour and reference target
jvs001:VOICEACTRESS100_014,jvs001,VOICEACTRESS100_014,クィーンズアベニューアルファに所属している。,クイーンズアベニューアルファニショゾクシテイル,20,/Users/ryukayuiii/Documents/jp_speech_eval_project/JVS/jvs001/parallel100/wav24kHz16bit/VOICEACTRESS100_014.wav,/Users/ryukayuiii/Documents/jp_speech_eval_project/JVS/jvs001/parallel100/lab/mon/VOICEACTRESS100_014.lab,smoothed_self_target,lab_or_reference_alignment,96,1.0,0.978353198292686,0.2080711423578199,0.8969072164948454,1.0,,100,20,20,tts_reference,manual,trusted,,,0.962781591505961,0.8969072164948454,1.0,1.0,0.43,0.25,0.12,0.2,same native contour smoothed with a 3-point mora-level kernel as reference target
jvs001:VOICEACTRESS100_014,jvs001,VOICEACTRESS100_014,クィーンズアベニューアルファに所属している。,クイーンズアベニューアルファニショゾクシテイル,20,/Users/ryukayuiii/Documents/jp_speech_eval_project/JVS/jvs001/parallel100/wav24kHz16bit/VOICEACTRESS100_014.wav,/Users/ryukayuiii/Documents/jp_speech_eval_project/JVS/jvs001/parallel100/lab/mon/VOICEACTRESS100_014.lab,shifted_self_target_-1_mora,lab_or_reference_alignment,82,1.0,0.7874312881566737,0.6456838434681246,0.6593406593406594,0.85,0.0,100,20,20,tts_reference,manual,trusted,,,0.8428274432384771,0.6593406593406594,1.0,0.85,0.43,0.25,0.12,0.2,self reference shifted by one mora to quantify alignment sensitivity
jvs001:VOICEACTRESS100_014,jvs001,VOICEACTRESS100_014,クィーンズアベニューアルファに所属している。,クイーンズアベニューアルファニショゾクシテイル,20,/Users/ryukayuiii/Documents/jp_speech_eval_project/JVS/jvs001/parallel100/wav24kHz16bit/VOICEACTRESS100_014.wav,/Users/ryukayuiii/Documents/jp_speech_eval_project/JVS/jvs001/parallel100/lab/mon/VOICEACTRESS100_014.lab,shifted_self_target_+1_mora,lab_or_reference_alignment,83,1.0,0.7874312881566736,0.6569685994687657,0.7058823529411765,0.85,,100,20,20,tts_reference,manual,trusted,,,0.8416052206203694,0.7058823529411765,1.0,0.85,0.43,0.25,0.12,0.2,self reference shifted by one mora to quantify alignment sensitivity
jvs001:VOICEACTRESS100_014,jvs001,VOICEACTRESS100_014,クィーンズアベニューアルファに所属している。,クイーンズアベニューアルファニショゾクシテイル,20,/Users/ryukayuiii/Documents/jp_speech_eval_project/JVS/jvs001/parallel100/wav24kHz16bit/VOICEACTRESS100_014.wav,/Users/ryukayuiii/Documents/jp_speech_eval_project/JVS/jvs001/parallel100/lab/mon/VOICEACTRESS100_014.lab,flat_user_contour_vs_self_target,lab_or_reference_alignment,50,1.0,0.0,0.9999999653837627,0.4742268041237113,0.5,,45,20,20,tts_reference,manual,trusted,,,0.5319592010631614,0.4742268041237113,0.45,0.5,0.43,0.25,0.12,0.2,user contour flattened while target/reference remains native self contour
jvs001:VOICEACTRESS100_014,jvs001,VOICEACTRESS100_014,クィーンズアベニューアルファに所属している。,クイーンズアベニューアルファニショゾクシテイル,20,/Users/ryukayuiii/Documents/jp_speech_eval_project/JVS/jvs001/parallel100/wav24kHz16bit/VOICEACTRESS100_014.wav,/Users/ryukayuiii/Documents/jp_speech_eval_project/JVS/jvs001/parallel100/lab/mon/VOICEACTRESS100_014.lab,shuffled_user_contour_vs_self_target,lab_or_reference_alignment,57,1.0,-0.051496685602160884,1.4501700678226983,0.6597938144329897,0.4,,100,20,20,tts_reference,manual,trusted,,,0.4772611760474049,0.6597938144329897,1.0,0.4,0.43,0.25,0.12,0.2,valid user F0 values shuffled while target/reference remains native self contour
jvs001:VOICEACTRESS100_015,jvs001,VOICEACTRESS100_015,一方で、漁業と商業で、リャネス港は繁栄していた。,イッポーデギョギョートショーギョーデリャネスコーワハンエーシテイタ,28,/Users/ryukayuiii/Documents/jp_speech_eval_project/JVS/jvs001/parallel100/wav24kHz16bit/VOICEACTRESS100_015.wav,/Users/ryukayuiii/Documents/jp_speech_eval_project/JVS/jvs001/parallel100/lab/mon/VOICEACTRESS100_015.lab,current_openjtalk_target,equal,60,0.7857,0.04665060005588307,1.3813956243659955,0.725,0.5909090909090909,0.6666666666666666,75,22,22,openjtalk_accent_phrase_chain,openjtalk_accent_phrase_chain,tool_generated_high,,,0.5166955655991036,0.725,0.75,0.5909090909090909,0.55,0.25,0.12,0.08,existing runtime path with trimmed audio and equal mora boundaries
jvs001:VOICEACTRESS100_015,jvs001,VOICEACTRESS100_015,一方で、漁業と商業で、リャネス港は繁栄していた。,イッポーデギョギョートショーギョーデリャネスコーワハンエーシテイタ,28,/Users/ryukayuiii/Documents/jp_speech_eval_project/JVS/jvs001/parallel100/wav24kHz16bit/VOICEACTRESS100_015.wav,/Users/ryukayuiii/Documents/jp_speech_eval_project/JVS/jvs001/parallel100/lab/mon/VOICEACTRESS100_015.lab,current_openjtalk_target_lab_alignment,lab_or_reference_alignment,70,1.0,0.33047704909352554,1.1600970023789128,0.7017543859649122,0.6785714285714286,0.5,100,28,28,openjtalk_accent_phrase_chain,openjtalk_accent_phrase_chain,tool_generated_high,,,0.6336283306288882,0.7017543859649122,1.0,0.6785714285714286,0.55,0.25,0.12,0.08,JVS monophone lab timing mapped sequentially to target moras; f0_method=pyworld.dio+stonemask; mapping_warnings=none
jvs001:VOICEACTRESS100_015,jvs001,VOICEACTRESS100_015,一方で、漁業と商業で、リャネス港は繁栄していた。,イッポーデギョギョートショーギョーデリャネスコーワハンエーシテイタ,28,/Users/ryukayuiii/Documents/jp_speech_eval_project/JVS/jvs001/parallel100/wav24kHz16bit/VOICEACTRESS100_015.wav,/Users/ryukayuiii/Documents/jp_speech_eval_project/JVS/jvs001/parallel100/lab/mon/VOICEACTRESS100_015.lab,self_oracle_contour_target,lab_or_reference_alignment,100,1.0,0.9999999999999998,0.0,1.0,1.0,1.0,100,28,28,tts_reference,manual,trusted,,,0.9999999999999998,1.0,1.0,1.0,0.43,0.25,0.12,0.2,same native mora-level F0 used as both user contour and reference target
jvs001:VOICEACTRESS100_015,jvs001,VOICEACTRESS100_015,一方で、漁業と商業で、リャネス港は繁栄していた。,イッポーデギョギョートショーギョーデリャネスコーワハンエーシテイタ,28,/Users/ryukayuiii/Documents/jp_speech_eval_project/JVS/jvs001/parallel100/wav24kHz16bit/VOICEACTRESS100_015.wav,/Users/ryukayuiii/Documents/jp_speech_eval_project/JVS/jvs001/parallel100/lab/mon/VOICEACTRESS100_015.lab,smoothed_self_target,lab_or_reference_alignment,92,1.0,0.9173435432822962,0.40658689193981085,0.9,0.9285714285714286,1.0,100,28,28,tts_reference,manual,trusted,,,0.9158818630508987,0.9,1.0,0.9285714285714286,0.43,0.25,0.12,0.2,same native contour smoothed with a 3-point mora-level kernel as reference target
jvs001:VOICEACTRESS100_015,jvs001,VOICEACTRESS100_015,一方で、漁業と商業で、リャネス港は繁栄していた。,イッポーデギョギョートショーギョーデリャネスコーワハンエーシテイタ,28,/Users/ryukayuiii/Documents/jp_speech_eval_project/JVS/jvs001/parallel100/wav24kHz16bit/VOICEACTRESS100_015.wav,/Users/ryukayuiii/Documents/jp_speech_eval_project/JVS/jvs001/parallel100/lab/mon/VOICEACTRESS100_015.lab,shifted_self_target_-1_mora,lab_or_reference_alignment,63,1.0,0.25135321926159854,1.2207839876514752,0.5442477876106194,0.5714285714285714,0.5,100,28,28,tts_reference,manual,trusted,,,0.6009150029301329,0.5442477876106194,1.0,0.5714285714285714,0.43,0.25,0.12,0.2,self reference shifted by one mora to quantify alignment sensitivity
jvs001:VOICEACTRESS100_015,jvs001,VOICEACTRESS100_015,一方で、漁業と商業で、リャネス港は繁栄していた。,イッポーデギョギョートショーギョーデリャネスコーワハンエーシテイタ,28,/Users/ryukayuiii/Documents/jp_speech_eval_project/JVS/jvs001/parallel100/wav24kHz16bit/VOICEACTRESS100_015.wav,/Users/ryukayuiii/Documents/jp_speech_eval_project/JVS/jvs001/parallel100/lab/mon/VOICEACTRESS100_015.lab,shifted_self_target_+1_mora,lab_or_reference_alignment,63,1.0,0.25135321926159854,1.2336466745513457,0.5582959641255605,0.5714285714285714,,100,28,28,tts_reference,manual,trusted,,,0.5998704335702839,0.5582959641255605,1.0,0.5714285714285714,0.43,0.25,0.12,0.2,self reference shifted by one mora to quantify alignment sensitivity
jvs001:VOICEACTRESS100_015,jvs001,VOICEACTRESS100_015,一方で、漁業と商業で、リャネス港は繁栄していた。,イッポーデギョギョートショーギョーデリャネスコーワハンエーシテイタ,28,/Users/ryukayuiii/Documents/jp_speech_eval_project/JVS/jvs001/parallel100/wav24kHz16bit/VOICEACTRESS100_015.wav,/Users/ryukayuiii/Documents/jp_speech_eval_project/JVS/jvs001/parallel100/lab/mon/VOICEACTRESS100_015.lab,flat_user_contour_vs_self_target,lab_or_reference_alignment,41,1.0,0.0,0.9999999684339329,0.09336099585062241,0.5357142857142857,0.0,45,28,28,tts_reference,manual,trusted,,,0.5319592007856582,0.09336099585062241,0.45,0.5357142857142857,0.43,0.25,0.12,0.2,user contour flattened while target/reference remains native self contour
jvs001:VOICEACTRESS100_015,jvs001,VOICEACTRESS100_015,一方で、漁業と商業で、リャネス港は繁栄していた。,イッポーデギョギョートショーギョーデリャネスコーワハンエーシテイタ,28,/Users/ryukayuiii/Documents/jp_speech_eval_project/JVS/jvs001/parallel100/wav24kHz16bit/VOICEACTRESS100_015.wav,/Users/ryukayuiii/Documents/jp_speech_eval_project/JVS/jvs001/parallel100/lab/mon/VOICEACTRESS100_015.lab,shuffled_user_contour_vs_self_target,lab_or_reference_alignment,63,1.0,0.18509547296762774,1.2766397107921286,0.5892116182572614,0.5714285714285714,1.0,100,28,28,tts_reference,manual,trusted,,,0.5732371444059177,0.5892116182572614,1.0,0.5714285714285714,0.43,0.25,0.12,0.2,valid user F0 values shuffled while target/reference remains native self contour
jvs001:VOICEACTRESS100_016,jvs001,VOICEACTRESS100_016,この、ニューサウスウェールズ代表チームが、ワラビーズの中核となって行く。,コノニューサウスウェールズダイヒョーチームガワラビーズノチューカクトナッテイク,35,/Users/ryukayuiii/Documents/jp_speech_eval_project/JVS/jvs001/parallel100/wav24kHz16bit/VOICEACTRESS100_016.wav,/Users/ryukayuiii/Documents/jp_speech_eval_project/JVS/jvs001/parallel100/lab/mon/VOICEACTRESS100_016.lab,current_openjtalk_target,equal,52,0.9714,-0.011325836642889765,1.4219759667910028,0.5989304812834225,0.5,0.0,45,34,34,openjtalk_accent_phrase_chain,openjtalk_accent_phrase_chain,tool_generated_high,,,0.4933835674834119,0.5989304812834225,0.45,0.5,0.55,0.25,0.12,0.08,existing runtime path with trimmed audio and equal mora boundaries
jvs001:VOICEACTRESS100_016,jvs001,VOICEACTRESS100_016,この、ニューサウスウェールズ代表チームが、ワラビーズの中核となって行く。,コノニューサウスウェールズダイヒョーチームガワラビーズノチューカクトナッテイク,35,/Users/ryukayuiii/Documents/jp_speech_eval_project/JVS/jvs001/parallel100/wav24kHz16bit/VOICEACTRESS100_016.wav,/Users/ryukayuiii/Documents/jp_speech_eval_project/JVS/jvs001/parallel100/lab/mon/VOICEACTRESS100_016.lab,current_openjtalk_target_lab_alignment,lab_or_reference_alignment,75,1.0,0.572303430225093,0.9454535131217949,0.8805970149253731,0.8571428571428571,0.6666666666666666,45,35,35,openjtalk_accent_phrase_chain,openjtalk_accent_phrase_chain,tool_generated_high,,,0.7372963087724311,0.8805970149253731,0.45,0.8571428571428571,0.55,0.25,0.12,0.08,JVS monophone lab timing mapped sequentially to target moras; f0_method=pyworld.dio+stonemask; mapping_warnings=none
jvs001:VOICEACTRESS100_016,jvs001,VOICEACTRESS100_016,この、ニューサウスウェールズ代表チームが、ワラビーズの中核となって行く。,コノニューサウスウェールズダイヒョーチームガワラビーズノチューカクトナッテイク,35,/Users/ryukayuiii/Documents/jp_speech_eval_project/JVS/jvs001/parallel100/wav24kHz16bit/VOICEACTRESS100_016.wav,/Users/ryukayuiii/Documents/jp_speech_eval_project/JVS/jvs001/parallel100/lab/mon/VOICEACTRESS100_016.lab,self_oracle_contour_target,lab_or_reference_alignment,100,1.0,0.9999999999999998,0.0,1.0,1.0,1.0,100,35,35,tts_reference,manual,trusted,,,0.9999999999999998,1.0,1.0,1.0,0.43,0.25,0.12,0.2,same native mora-level F0 used as both user contour and reference target
jvs001:VOICEACTRESS100_016,jvs001,VOICEACTRESS100_016,この、ニューサウスウェールズ代表チームが、ワラビーズの中核となって行く。,コノニューサウスウェールズダイヒョーチームガワラビーズノチューカクトナッテイク,35,/Users/ryukayuiii/Documents/jp_speech_eval_project/JVS/jvs001/parallel100/wav24kHz16bit/VOICEACTRESS100_016.wav,/Users/ryukayuiii/Documents/jp_speech_eval_project/JVS/jvs001/parallel100/lab/mon/VOICEACTRESS100_016.lab,smoothed_self_target,lab_or_reference_alignment,93,1.0,0.962885856568906,0.27244867672203466,0.8927335640138407,0.8857142857142857,1.0,100,35,35,tts_reference,manual,trusted,,,0.948804102508785,0.8927335640138407,1.0,0.8857142857142857,0.43,0.25,0.12,0.2,same native contour smoothed with a 3-point mora-level kernel as reference target
jvs001:VOICEACTRESS100_016,jvs001,VOICEACTRESS100_016,この、ニューサウスウェールズ代表チームが、ワラビーズの中核となって行く。,コノニューサウスウェールズダイヒョーチームガワラビーズノチューカクトナッテイク,35,/Users/ryukayuiii/Documents/jp_speech_eval_project/JVS/jvs001/parallel100/wav24kHz16bit/VOICEACTRESS100_016.wav,/Users/ryukayuiii/Documents/jp_speech_eval_project/JVS/jvs001/parallel100/lab/mon/VOICEACTRESS100_016.lab,shifted_self_target_-1_mora,lab_or_reference_alignment,72,1.0,0.5868374644349612,0.8889087776439109,0.5945454545454547,0.6285714285714286,0.0,100,35,35,tts_reference,manual,trusted,,,0.7477453162487832,0.5945454545454547,1.0,0.6285714285714286,0.43,0.25,0.12,0.2,self reference shifted by one mora to quantify alignment sensitivity
jvs001:VOICEACTRESS100_016,jvs001,VOICEACTRESS100_016,この、ニューサウスウェールズ代表チームが、ワラビーズの中核となって行く。,コノニューサウスウェールズダイヒョーチームガワラビーズノチューカクトナッテイク,35,/Users/ryukayuiii/Documents/jp_speech_eval_project/JVS/jvs001/parallel100/wav24kHz16bit/VOICEACTRESS100_016.wav,/Users/ryukayuiii/Documents/jp_speech_eval_project/JVS/jvs001/parallel100/lab/mon/VOICEACTRESS100_016.lab,shifted_self_target_+1_mora,lab_or_reference_alignment,70,1.0,0.5868374644349612,0.9131540089020173,0.5529010238907849,0.6285714285714286,0.0,100,35,35,tts_reference,manual,trusted,,,0.7454275813069183,0.5529010238907849,1.0,0.6285714285714286,0.43,0.25,0.12,0.2,self reference shifted by one mora to quantify alignment sensitivity
jvs001:VOICEACTRESS100_016,jvs001,VOICEACTRESS100_016,この、ニューサウスウェールズ代表チームが、ワラビーズの中核となって行く。,コノニューサウスウェールズダイヒョーチームガワラビーズノチューカクトナッテイク,35,/Users/ryukayuiii/Documents/jp_speech_eval_project/JVS/jvs001/parallel100/wav24kHz16bit/VOICEACTRESS100_016.wav,/Users/ryukayuiii/Documents/jp_speech_eval_project/JVS/jvs001/parallel100/lab/mon/VOICEACTRESS100_016.lab,flat_user_contour_vs_self_target,lab_or_reference_alignment,44,1.0,0.0,0.9999999670257433,0.2797427652733119,0.45714285714285713,0.0,45,35,35,tts_reference,manual,trusted,,,0.5319592009137747,0.2797427652733119,0.45,0.45714285714285713,0.43,0.25,0.12,0.2,user contour flattened while target/reference remains native self contour
jvs001:VOICEACTRESS100_016,jvs001,VOICEACTRESS100_016,この、ニューサウスウェールズ代表チームが、ワラビーズの中核となって行く。,コノニューサウスウェールズダイヒョーチームガワラビーズノチューカクトナッテイク,35,/Users/ryukayuiii/Documents/jp_speech_eval_project/JVS/jvs001/parallel100/wav24kHz16bit/VOICEACTRESS100_016.wav,/Users/ryukayuiii/Documents/jp_speech_eval_project/JVS/jvs001/parallel100/lab/mon/VOICEACTRESS100_016.lab,shuffled_user_contour_vs_self_target,lab_or_reference_alignment,61,1.0,0.12706169359003286,1.3213161989781084,0.6382636655948554,0.4857142857142857,0.5,100,35,35,tts_reference,manual,trusted,,,0.5494249847937674,0.6382636655948554,1.0,0.4857142857142857,0.43,0.25,0.12,0.2,valid user F0 values shuffled while target/reference remains native self contour
jvs001:VOICEACTRESS100_017,jvs001,VOICEACTRESS100_017,ただし、ギャンブル依存症の入院治療を行っている病院は、わずかである。,タダシギャンブルイゾンショーノニューインチリョーヲイッテイルビョーインワワズカデアル,37,/Users/ryukayuiii/Documents/jp_speech_eval_project/JVS/jvs001/parallel100/wav24kHz16bit/VOICEACTRESS100_017.wav,/Users/ryukayuiii/Documents/jp_speech_eval_project/JVS/jvs001/parallel100/lab/mon/VOICEACTRESS100_017.lab,current_openjtalk_target,equal,65,0.8919,0.2404295090634569,1.233341832761805,0.6470588235294118,0.48484848484848486,0.0,100,33,33,openjtalk_accent_phrase_chain,openjtalk_accent_phrase_chain,tool_generated_high,,,0.5960718133377909,0.6470588235294118,1.0,0.48484848484848486,0.55,0.25,0.12,0.08,existing runtime path with trimmed audio and equal mora boundaries
jvs001:VOICEACTRESS100_017,jvs001,VOICEACTRESS100_017,ただし、ギャンブル依存症の入院治療を行っている病院は、わずかである。,タダシギャンブルイゾンショーノニューインチリョーヲイッテイルビョーインワワズカデアル,37,/Users/ryukayuiii/Documents/jp_speech_eval_project/JVS/jvs001/parallel100/wav24kHz16bit/VOICEACTRESS100_017.wav,/Users/ryukayuiii/Documents/jp_speech_eval_project/JVS/jvs001/parallel100/lab/mon/VOICEACTRESS100_017.lab,current_openjtalk_target_lab_alignment,lab_or_reference_alignment,70,0.973,0.3870784944809806,1.1158852784731497,0.7941176470588234,0.6666666666666666,0.6666666666666666,75,36,36,openjtalk_accent_phrase_chain,openjtalk_accent_phrase_chain,tool_generated_high,,,0.657193110072875,0.7941176470588234,0.75,0.6666666666666666,0.55,0.25,0.12,0.08,JVS monophone lab timing mapped sequentially to target moras; f0_method=pyworld.dio+stonemask; mapping_warnings=none
jvs001:VOICEACTRESS100_017,jvs001,VOICEACTRESS100_017,ただし、ギャンブル依存症の入院治療を行っている病院は、わずかである。,タダシギャンブルイゾンショーノニューインチリョーヲイッテイルビョーインワワズカデアル,37,/Users/ryukayuiii/Documents/jp_speech_eval_project/JVS/jvs001/parallel100/wav24kHz16bit/VOICEACTRESS100_017.wav,/Users/ryukayuiii/Documents/jp_speech_eval_project/JVS/jvs001/parallel100/lab/mon/VOICEACTRESS100_017.lab,self_oracle_contour_target,lab_or_reference_alignment,97,0.973,1.0,0.0,1.0,1.0,1.0,75,36,36,tts_reference,manual,trusted,,,1.0,1.0,0.75,1.0,0.43,0.25,0.12,0.2,same native mora-level F0 used as both user contour and reference target
jvs001:VOICEACTRESS100_017,jvs001,VOICEACTRESS100_017,ただし、ギャンブル依存症の入院治療を行っている病院は、わずかである。,タダシギャンブルイゾンショーノニューインチリョーヲイッテイルビョーインワワズカデアル,37,/Users/ryukayuiii/Documents/jp_speech_eval_project/JVS/jvs001/parallel100/wav24kHz16bit/VOICEACTRESS100_017.wav,/Users/ryukayuiii/Documents/jp_speech_eval_project/JVS/jvs001/parallel100/lab/mon/VOICEACTRESS100_017.lab,smoothed_self_target,lab_or_reference_alignment,87,0.973,0.8962729410194017,0.45547129525082786,0.8361774744027303,0.9166666666666666,1.0,75,36,36,tts_reference,manual,trusted,,,0.9025959528549625,0.8361774744027303,0.75,0.9166666666666666,0.43,0.25,0.12,0.2,same native contour smoothed with a 3-point mora-level kernel as reference target
jvs001:VOICEACTRESS100_017,jvs001,VOICEACTRESS100_017,ただし、ギャンブル依存症の入院治療を行っている病院は、わずかである。,タダシギャンブルイゾンショーノニューインチリョーヲイッテイルビョーインワワズカデアル,37,/Users/ryukayuiii/Documents/jp_speech_eval_project/JVS/jvs001/parallel100/wav24kHz16bit/VOICEACTRESS100_017.wav,/Users/ryukayuiii/Documents/jp_speech_eval_project/JVS/jvs001/parallel100/lab/mon/VOICEACTRESS100_017.lab,shifted_self_target_-1_mora,lab_or_reference_alignment,64,0.973,0.3311760572516136,1.1272218403838812,0.552013422818792,0.6666666666666666,0.5,75,36,36,tts_reference,manual,trusted,,,0.6366566779238687,0.552013422818792,0.75,0.6666666666666666,0.43,0.25,0.12,0.2,self reference shifted by one mora to quantify alignment sensitivity
jvs001:VOICEACTRESS100_017,jvs001,VOICEACTRESS100_017,ただし、ギャンブル依存症の入院治療を行っている病院は、わずかである。,タダシギャンブルイゾンショーノニューインチリョーヲイッテイルビョーインワワズカデアル,37,/Users/ryukayuiii/Documents/jp_speech_eval_project/JVS/jvs001/parallel100/wav24kHz16bit/VOICEACTRESS100_017.wav,/Users/ryukayuiii/Documents/jp_speech_eval_project/JVS/jvs001/parallel100/lab/mon/VOICEACTRESS100_017.lab,shifted_self_target_+1_mora,lab_or_reference_alignment,64,0.973,0.3311760572516136,1.1358008368892838,0.5731707317073171,0.6666666666666666,,75,36,36,tts_reference,manual,trusted,,,0.6359258358898359,0.5731707317073171,0.75,0.6666666666666666,0.43,0.25,0.12,0.2,self reference shifted by one mora to quantify alignment sensitivity
jvs001:VOICEACTRESS100_017,jvs001,VOICEACTRESS100_017,ただし、ギャンブル依存症の入院治療を行っている病院は、わずかである。,タダシギャンブルイゾンショーノニューインチリョーヲイッテイルビョーインワワズカデアル,37,/Users/ryukayuiii/Documents/jp_speech_eval_project/JVS/jvs001/parallel100/wav24kHz16bit/VOICEACTRESS100_017.wav,/Users/ryukayuiii/Documents/jp_speech_eval_project/JVS/jvs001/parallel100/lab/mon/VOICEACTRESS100_017.lab,flat_user_contour_vs_self_target,lab_or_reference_alignment,50,0.973,0.0,0.9999999643796456,0.2770034843205575,0.5555555555555556,0.0,75,36,36,tts_reference,manual,trusted,,,0.5319592011545156,0.2770034843205575,0.75,0.5555555555555556,0.43,0.25,0.12,0.2,user contour flattened while target/reference remains native self contour
jvs001:VOICEACTRESS100_017,jvs001,VOICEACTRESS100_017,ただし、ギャンブル依存症の入院治療を行っている病院は、わずかである。,タダシギャンブルイゾンショーノニューインチリョーヲイッテイルビョーインワワズカデアル,37,/Users/ryukayuiii/Documents/jp_speech_eval_project/JVS/jvs001/parallel100/wav24kHz16bit/VOICEACTRESS100_017.wav,/Users/ryukayuiii/Documents/jp_speech_eval_project/JVS/jvs001/parallel100/lab/mon/VOICEACTRESS100_017.lab,shuffled_user_contour_vs_self_target,lab_or_reference_alignment,63,0.973,0.20776147388764463,1.2587600801365781,0.6742160278745645,0.6111111111111112,1.0,75,36,36,tts_reference,manual,trusted,,,0.5825931425473397,0.6742160278745645,0.75,0.6111111111111112,0.43,0.25,0.12,0.2,valid user F0 values shuffled while target/reference remains native self contour
