dataset,case_name,utterance_id,target_text,speaker,mora_count,weak_prosody_naturalness_score,weak_available,weak_unavailable_reason,f0_coverage,voiced_mora_count,valid_f0_mora_count,utterance_f0_range_log,local_pitch_movement,transition_smoothness,flatness_penalty,strict_openjtalk_prosody_score,score_type,strict_reference_available,tone_score_in_core_four,notes,native_language,weak_overall_practice_score,alignment_mode
JVS,jvs_native,VOICEACTRESS100_001,また、東寺のように、五大明王と呼ばれる、主要な明王の中央に配されることも多い。,jvs002,46,95,True,,1.0,46,46,0.5666,0.5504,0.8153,0.0,58,weak_reference_native_likeness,False,no,native audio scored without strict reference contour,,,
JVS,flat_pitch_control,VOICEACTRESS100_001,また、東寺のように、五大明王と呼ばれる、主要な明王の中央に配されることも多い。,jvs002,46,9,True,,1.0,46,46,0.0,0.0,1.0,0.45,,weak_reference_native_likeness,False,no,same content/timing with flattened F0,,,
JVS,shuffled_random_pitch_control,VOICEACTRESS100_001,また、東寺のように、五大明王と呼ばれる、主要な明王の中央に配されることも多い。,jvs002,46,49,True,,1.0,46,46,0.5666,1.1998,0.3567,0.0,,weak_reference_native_likeness,False,no,same content/timing with shuffled F0,,,
JVS,wrong_accent_drop_control,VOICEACTRESS100_001,また、東寺のように、五大明王と呼ばれる、主要な明王の中央に配されることも多い。,jvs002,46,85,True,,1.0,46,46,0.5944,0.706,0.6692,0.0,,weak_reference_native_likeness,False,no,rough wrong-drop control; known limitation if weakly separated,,,
JVS,low_f0_coverage_control,VOICEACTRESS100_001,また、東寺のように、五大明王と呼ばれる、主要な明王の中央に配されることも多い。,jvs002,46,,False,insufficient_valid_mora_f0,0.0435,2,2,,,,,,weak_reference_native_likeness,False,no,same content/timing with insufficient F0 coverage,,,
JVS,jvs_native,VOICEACTRESS100_002,ニューイングランド風は、牛乳をベースとした、白いクリームスープであり、ボストンクラムチャウダーとも呼ばれる。,jvs002,52,91,True,,0.9615,50,50,0.6004,0.5388,0.7769,0.0,80,weak_reference_native_likeness,False,no,native audio scored without strict reference contour,,,
JVS,flat_pitch_control,VOICEACTRESS100_002,ニューイングランド風は、牛乳をベースとした、白いクリームスープであり、ボストンクラムチャウダーとも呼ばれる。,jvs002,52,9,True,,0.9615,50,50,0.0,0.0,1.0,0.45,,weak_reference_native_likeness,False,no,same content/timing with flattened F0,,,
JVS,shuffled_random_pitch_control,VOICEACTRESS100_002,ニューイングランド風は、牛乳をベースとした、白いクリームスープであり、ボストンクラムチャウダーとも呼ばれる。,jvs002,52,49,True,,0.9615,50,50,0.6004,1.0783,0.3832,0.0,,weak_reference_native_likeness,False,no,same content/timing with shuffled F0,,,
JVS,wrong_accent_drop_control,VOICEACTRESS100_002,ニューイングランド風は、牛乳をベースとした、白いクリームスープであり、ボストンクラムチャウダーとも呼ばれる。,jvs002,52,91,True,,0.9808,51,51,0.6257,0.5176,0.7699,0.0,,weak_reference_native_likeness,False,no,rough wrong-drop control; known limitation if weakly separated,,,
JVS,low_f0_coverage_control,VOICEACTRESS100_002,ニューイングランド風は、牛乳をベースとした、白いクリームスープであり、ボストンクラムチャウダーとも呼ばれる。,jvs002,52,,False,insufficient_valid_mora_f0,0.0385,2,2,,,,,,weak_reference_native_likeness,False,no,same content/timing with insufficient F0 coverage,,,
JVS,jvs_native,VOICEACTRESS100_003,コンピュータゲームのメーカーや、業界団体などに関連する人物のカテゴリ。,jvs002,40,95,True,,1.0,40,40,0.6617,0.483,0.8025,0.0,73,weak_reference_native_likeness,False,no,native audio scored without strict reference contour,,,
JVS,flat_pitch_control,VOICEACTRESS100_003,コンピュータゲームのメーカーや、業界団体などに関連する人物のカテゴリ。,jvs002,40,9,True,,1.0,40,40,0.0,0.0,1.0,0.45,,weak_reference_native_likeness,False,no,same content/timing with flattened F0,,,
JVS,shuffled_random_pitch_control,VOICEACTRESS100_003,コンピュータゲームのメーカーや、業界団体などに関連する人物のカテゴリ。,jvs002,40,51,True,,1.0,40,40,0.6617,1.0787,0.3938,0.0,,weak_reference_native_likeness,False,no,same content/timing with shuffled F0,,,
JVS,wrong_accent_drop_control,VOICEACTRESS100_003,コンピュータゲームのメーカーや、業界団体などに関連する人物のカテゴリ。,jvs002,40,94,True,,1.0,40,40,0.6705,0.5168,0.7754,0.0,,weak_reference_native_likeness,False,no,rough wrong-drop control; known limitation if weakly separated,,,
JVS,low_f0_coverage_control,VOICEACTRESS100_003,コンピュータゲームのメーカーや、業界団体などに関連する人物のカテゴリ。,jvs002,40,,False,insufficient_valid_mora_f0,0.05,2,2,,,,,,weak_reference_native_likeness,False,no,same content/timing with insufficient F0 coverage,,,
JVS,jvs_native,VOICEACTRESS100_004,サービスマネージャー導入駅のため、大井町駅から、遠隔管理している。,jvs002,38,94,True,,1.0,38,38,0.5741,0.6641,0.7673,0.0,72,weak_reference_native_likeness,False,no,native audio scored without strict reference contour,,,
JVS,flat_pitch_control,VOICEACTRESS100_004,サービスマネージャー導入駅のため、大井町駅から、遠隔管理している。,jvs002,38,9,True,,1.0,38,38,0.0,0.0,1.0,0.45,,weak_reference_native_likeness,False,no,same content/timing with flattened F0,,,
JVS,shuffled_random_pitch_control,VOICEACTRESS100_004,サービスマネージャー導入駅のため、大井町駅から、遠隔管理している。,jvs002,38,46,True,,1.0,38,38,0.5741,1.2431,0.2566,0.0,,weak_reference_native_likeness,False,no,same content/timing with shuffled F0,,,
JVS,wrong_accent_drop_control,VOICEACTRESS100_004,サービスマネージャー導入駅のため、大井町駅から、遠隔管理している。,jvs002,38,87,True,,1.0,38,38,0.5823,0.6968,0.6752,0.0,,weak_reference_native_likeness,False,no,rough wrong-drop control; known limitation if weakly separated,,,
JVS,low_f0_coverage_control,VOICEACTRESS100_004,サービスマネージャー導入駅のため、大井町駅から、遠隔管理している。,jvs002,38,,False,insufficient_valid_mora_f0,0.0526,2,2,,,,,,weak_reference_native_likeness,False,no,same content/timing with insufficient F0 coverage,,,
JVS,jvs_native,VOICEACTRESS100_005,シルバーサーファー襲撃事件までに、リチャーズは、チーム名と共に、国際的にスーパーヒーロー、および、有名人として、認知されている。,jvs002,67,92,True,,0.9851,66,66,0.5813,0.6274,0.7589,0.0,60,weak_reference_native_likeness,False,no,native audio scored without strict reference contour,,,
JVS,flat_pitch_control,VOICEACTRESS100_005,シルバーサーファー襲撃事件までに、リチャーズは、チーム名と共に、国際的にスーパーヒーロー、および、有名人として、認知されている。,jvs002,67,9,True,,0.9851,66,66,0.0,0.0,1.0,0.45,,weak_reference_native_likeness,False,no,same content/timing with flattened F0,,,
JVS,shuffled_random_pitch_control,VOICEACTRESS100_005,シルバーサーファー襲撃事件までに、リチャーズは、チーム名と共に、国際的にスーパーヒーロー、および、有名人として、認知されている。,jvs002,67,44,True,,0.9851,66,66,0.5813,1.2354,0.2855,0.0,,weak_reference_native_likeness,False,no,same content/timing with shuffled F0,,,
JVS,wrong_accent_drop_control,VOICEACTRESS100_005,シルバーサーファー襲撃事件までに、リチャーズは、チーム名と共に、国際的にスーパーヒーロー、および、有名人として、認知されている。,jvs002,67,93,True,,0.9851,66,66,0.6239,0.6327,0.7525,0.0,,weak_reference_native_likeness,False,no,rough wrong-drop control; known limitation if weakly separated,,,
JVS,low_f0_coverage_control,VOICEACTRESS100_005,シルバーサーファー襲撃事件までに、リチャーズは、チーム名と共に、国際的にスーパーヒーロー、および、有名人として、認知されている。,jvs002,67,,False,insufficient_valid_mora_f0,0.0299,2,2,,,,,,weak_reference_native_likeness,False,no,same content/timing with insufficient F0 coverage,,,
JVS,jvs_native,VOICEACTRESS100_006,ツュレンハルト領は、ヴュルテンベルク領に編入された。,jvs002,26,97,True,,1.0,26,26,0.5891,0.4918,0.88,0.0,83,weak_reference_native_likeness,False,no,native audio scored without strict reference contour,,,
JVS,flat_pitch_control,VOICEACTRESS100_006,ツュレンハルト領は、ヴュルテンベルク領に編入された。,jvs002,26,9,True,,1.0,26,26,0.0,0.0,1.0,0.45,,weak_reference_native_likeness,False,no,same content/timing with flattened F0,,,
JVS,shuffled_random_pitch_control,VOICEACTRESS100_006,ツュレンハルト領は、ヴュルテンベルク領に編入された。,jvs002,26,67,True,,1.0,26,26,0.5891,0.9473,0.5469,0.0,,weak_reference_native_likeness,False,no,same content/timing with shuffled F0,,,
JVS,wrong_accent_drop_control,VOICEACTRESS100_006,ツュレンハルト領は、ヴュルテンベルク領に編入された。,jvs002,26,93,True,,1.0,26,26,0.5891,0.5634,0.7489,0.0,,weak_reference_native_likeness,False,no,rough wrong-drop control; known limitation if weakly separated,,,
JVS,low_f0_coverage_control,VOICEACTRESS100_006,ツュレンハルト領は、ヴュルテンベルク領に編入された。,jvs002,26,,False,insufficient_valid_mora_f0,0.0769,2,2,,,,,,weak_reference_native_likeness,False,no,same content/timing with insufficient F0 coverage,,,
JVS,jvs_native,VOICEACTRESS100_007,時間領域と、空間領域で共通する処理手法は、フィルタリングによる、入力信号の強化である。,jvs002,53,94,True,,0.9811,52,52,0.5963,0.6304,0.7612,0.0,72,weak_reference_native_likeness,False,no,native audio scored without strict reference contour,,,
JVS,flat_pitch_control,VOICEACTRESS100_007,時間領域と、空間領域で共通する処理手法は、フィルタリングによる、入力信号の強化である。,jvs002,53,9,True,,0.9811,52,52,0.0,0.0,1.0,0.45,,weak_reference_native_likeness,False,no,same content/timing with flattened F0,,,
JVS,shuffled_random_pitch_control,VOICEACTRESS100_007,時間領域と、空間領域で共通する処理手法は、フィルタリングによる、入力信号の強化である。,jvs002,53,47,True,,0.9811,52,52,0.5963,1.1703,0.2544,0.0,,weak_reference_native_likeness,False,no,same content/timing with shuffled F0,,,
JVS,wrong_accent_drop_control,VOICEACTRESS100_007,時間領域と、空間領域で共通する処理手法は、フィルタリングによる、入力信号の強化である。,jvs002,53,90,True,,0.9811,52,52,0.6062,0.6669,0.718,0.0,,weak_reference_native_likeness,False,no,rough wrong-drop control; known limitation if weakly separated,,,
JVS,low_f0_coverage_control,VOICEACTRESS100_007,時間領域と、空間領域で共通する処理手法は、フィルタリングによる、入力信号の強化である。,jvs002,53,,False,insufficient_valid_mora_f0,0.0377,2,2,,,,,,weak_reference_native_likeness,False,no,same content/timing with insufficient F0 coverage,,,
JVS,jvs_native,VOICEACTRESS100_008,シャンチーの専業プロは、チームから支払われる給料と、対局費を、主な収入としている。,jvs002,46,93,True,,0.9783,45,45,0.49,0.6478,0.748,0.0,68,weak_reference_native_likeness,False,no,native audio scored without strict reference contour,,,
JVS,flat_pitch_control,VOICEACTRESS100_008,シャンチーの専業プロは、チームから支払われる給料と、対局費を、主な収入としている。,jvs002,46,9,True,,0.9783,45,45,0.0,0.0,1.0,0.45,,weak_reference_native_likeness,False,no,same content/timing with flattened F0,,,
JVS,shuffled_random_pitch_control,VOICEACTRESS100_008,シャンチーの専業プロは、チームから支払われる給料と、対局費を、主な収入としている。,jvs002,46,45,True,,0.9783,45,45,0.49,1.2717,0.2266,0.0,,weak_reference_native_likeness,False,no,same content/timing with shuffled F0,,,
JVS,wrong_accent_drop_control,VOICEACTRESS100_008,シャンチーの専業プロは、チームから支払われる給料と、対局費を、主な収入としている。,jvs002,46,93,True,,0.9783,45,45,0.5019,0.6612,0.7349,0.0,,weak_reference_native_likeness,False,no,rough wrong-drop control; known limitation if weakly separated,,,
JVS,low_f0_coverage_control,VOICEACTRESS100_008,シャンチーの専業プロは、チームから支払われる給料と、対局費を、主な収入としている。,jvs002,46,,False,insufficient_valid_mora_f0,0.0435,2,2,,,,,,weak_reference_native_likeness,False,no,same content/timing with insufficient F0 coverage,,,
JVS,jvs_native,VOICEACTRESS100_009,また禰寝氏は、中山王の治める、琉球王国との交易にも参加した。,jvs002,39,94,True,,1.0,39,39,0.6004,0.6348,0.7752,0.0,71,weak_reference_native_likeness,False,no,native audio scored without strict reference contour,,,
JVS,flat_pitch_control,VOICEACTRESS100_009,また禰寝氏は、中山王の治める、琉球王国との交易にも参加した。,jvs002,39,9,True,,1.0,39,39,0.0,0.0,1.0,0.45,,weak_reference_native_likeness,False,no,same content/timing with flattened F0,,,
JVS,shuffled_random_pitch_control,VOICEACTRESS100_009,また禰寝氏は、中山王の治める、琉球王国との交易にも参加した。,jvs002,39,47,True,,1.0,39,39,0.6004,1.1728,0.2663,0.0,,weak_reference_native_likeness,False,no,same content/timing with shuffled F0,,,
JVS,wrong_accent_drop_control,VOICEACTRESS100_009,また禰寝氏は、中山王の治める、琉球王国との交易にも参加した。,jvs002,39,94,True,,1.0,39,39,0.5974,0.6097,0.7849,0.0,,weak_reference_native_likeness,False,no,rough wrong-drop control; known limitation if weakly separated,,,
JVS,low_f0_coverage_control,VOICEACTRESS100_009,また禰寝氏は、中山王の治める、琉球王国との交易にも参加した。,jvs002,39,,False,insufficient_valid_mora_f0,0.0513,2,2,,,,,,weak_reference_native_likeness,False,no,same content/timing with insufficient F0 coverage,,,
JVS,jvs_native,VOICEACTRESS100_010,スマートフォンから、フィーチャーフォンまで、マルチデバイスに対応。,jvs002,28,95,True,,1.0,28,28,0.5432,0.5752,0.7998,0.0,70,weak_reference_native_likeness,False,no,native audio scored without strict reference contour,,,
JVS,flat_pitch_control,VOICEACTRESS100_010,スマートフォンから、フィーチャーフォンまで、マルチデバイスに対応。,jvs002,28,9,True,,1.0,28,28,0.0,0.0,1.0,0.45,,weak_reference_native_likeness,False,no,same content/timing with flattened F0,,,
JVS,shuffled_random_pitch_control,VOICEACTRESS100_010,スマートフォンから、フィーチャーフォンまで、マルチデバイスに対応。,jvs002,28,50,True,,1.0,28,28,0.5432,1.1576,0.3964,0.0,,weak_reference_native_likeness,False,no,same content/timing with shuffled F0,,,
JVS,wrong_accent_drop_control,VOICEACTRESS100_010,スマートフォンから、フィーチャーフォンまで、マルチデバイスに対応。,jvs002,28,93,True,,1.0,28,28,0.5711,0.5997,0.7482,0.0,,weak_reference_native_likeness,False,no,rough wrong-drop control; known limitation if weakly separated,,,
JVS,low_f0_coverage_control,VOICEACTRESS100_010,スマートフォンから、フィーチャーフォンまで、マルチデバイスに対応。,jvs002,28,,False,insufficient_valid_mora_f0,0.0714,2,2,,,,,,weak_reference_native_likeness,False,no,same content/timing with insufficient F0 coverage,,,
JVS,jvs_native,VOICEACTRESS100_011,軽妙洒脱なナレーションから、情緒感溢れる語りまで、幅広い表現力を持つ。,jvs002,43,94,True,,0.9767,42,42,0.4939,0.6266,0.7736,0.0,74,weak_reference_native_likeness,False,no,native audio scored without strict reference contour,,,
JVS,flat_pitch_control,VOICEACTRESS100_011,軽妙洒脱なナレーションから、情緒感溢れる語りまで、幅広い表現力を持つ。,jvs002,43,9,True,,0.9767,42,42,0.0,0.0,1.0,0.45,,weak_reference_native_likeness,False,no,same content/timing with flattened F0,,,
JVS,shuffled_random_pitch_control,VOICEACTRESS100_011,軽妙洒脱なナレーションから、情緒感溢れる語りまで、幅広い表現力を持つ。,jvs002,43,47,True,,0.9767,42,42,0.4939,1.187,0.288,0.0,,weak_reference_native_likeness,False,no,same content/timing with shuffled F0,,,
JVS,wrong_accent_drop_control,VOICEACTRESS100_011,軽妙洒脱なナレーションから、情緒感溢れる語りまで、幅広い表現力を持つ。,jvs002,43,83,True,,1.0,43,43,0.4944,0.7608,0.667,0.0,,weak_reference_native_likeness,False,no,rough wrong-drop control; known limitation if weakly separated,,,
JVS,low_f0_coverage_control,VOICEACTRESS100_011,軽妙洒脱なナレーションから、情緒感溢れる語りまで、幅広い表現力を持つ。,jvs002,43,,False,insufficient_valid_mora_f0,0.0465,2,2,,,,,,weak_reference_native_likeness,False,no,same content/timing with insufficient F0 coverage,,,
JVS,jvs_native,VOICEACTRESS100_012,構造は、鋼製の単一アーチで、橋脚は、石積みである。,jvs002,31,93,True,,0.9677,30,30,0.31,0.7199,0.7657,0.0,78,weak_reference_native_likeness,False,no,native audio scored without strict reference contour,,,
JVS,flat_pitch_control,VOICEACTRESS100_012,構造は、鋼製の単一アーチで、橋脚は、石積みである。,jvs002,31,9,True,,0.9677,30,30,0.0,0.0,1.0,0.45,,weak_reference_native_likeness,False,no,same content/timing with flattened F0,,,
JVS,shuffled_random_pitch_control,VOICEACTRESS100_012,構造は、鋼製の単一アーチで、橋脚は、石積みである。,jvs002,31,46,True,,0.9677,30,30,0.31,1.208,0.2607,0.0,,weak_reference_native_likeness,False,no,same content/timing with shuffled F0,,,
JVS,wrong_accent_drop_control,VOICEACTRESS100_012,構造は、鋼製の単一アーチで、橋脚は、石積みである。,jvs002,31,93,True,,0.9677,30,30,0.3283,0.7427,0.744,0.0,,weak_reference_native_likeness,False,no,rough wrong-drop control; known limitation if weakly separated,,,
JVS,low_f0_coverage_control,VOICEACTRESS100_012,構造は、鋼製の単一アーチで、橋脚は、石積みである。,jvs002,31,,False,insufficient_valid_mora_f0,0.0645,2,2,,,,,,weak_reference_native_likeness,False,no,same content/timing with insufficient F0 coverage,,,
JVS,jvs_native,VOICEACTRESS100_013,そこへ、オーナーが新しいシェフとして、腕利きのヒョヌクを招く。,jvs002,30,94,True,,0.9667,29,29,0.5569,0.61,0.791,0.0,67,weak_reference_native_likeness,False,no,native audio scored without strict reference contour,,,
JVS,flat_pitch_control,VOICEACTRESS100_013,そこへ、オーナーが新しいシェフとして、腕利きのヒョヌクを招く。,jvs002,30,9,True,,0.9667,29,29,0.0,0.0,1.0,0.45,,weak_reference_native_likeness,False,no,same content/timing with flattened F0,,,
JVS,shuffled_random_pitch_control,VOICEACTRESS100_013,そこへ、オーナーが新しいシェフとして、腕利きのヒョヌクを招く。,jvs002,30,52,True,,0.9667,29,29,0.5569,1.0837,0.4252,0.0,,weak_reference_native_likeness,False,no,same content/timing with shuffled F0,,,
JVS,wrong_accent_drop_control,VOICEACTRESS100_013,そこへ、オーナーが新しいシェフとして、腕利きのヒョヌクを招く。,jvs002,30,90,True,,1.0,30,30,0.5759,0.6379,0.7385,0.0,,weak_reference_native_likeness,False,no,rough wrong-drop control; known limitation if weakly separated,,,
JVS,low_f0_coverage_control,VOICEACTRESS100_013,そこへ、オーナーが新しいシェフとして、腕利きのヒョヌクを招く。,jvs002,30,,False,insufficient_valid_mora_f0,0.0667,2,2,,,,,,weak_reference_native_likeness,False,no,same content/timing with insufficient F0 coverage,,,
JVS,jvs_native,VOICEACTRESS100_014,クィーンズアベニューアルファに所属している。,jvs002,20,96,True,,1.0,20,20,0.4977,0.4769,0.8661,0.0,75,weak_reference_native_likeness,False,no,native audio scored without strict reference contour,,,
JVS,flat_pitch_control,VOICEACTRESS100_014,クィーンズアベニューアルファに所属している。,jvs002,20,9,True,,1.0,20,20,0.0,0.0,1.0,0.45,,weak_reference_native_likeness,False,no,same content/timing with flattened F0,,,
JVS,shuffled_random_pitch_control,VOICEACTRESS100_014,クィーンズアベニューアルファに所属している。,jvs002,20,51,True,,1.0,20,20,0.4977,1.0222,0.3687,0.0,,weak_reference_native_likeness,False,no,same content/timing with shuffled F0,,,
JVS,wrong_accent_drop_control,VOICEACTRESS100_014,クィーンズアベニューアルファに所属している。,jvs002,20,96,True,,1.0,20,20,0.4977,0.5029,0.8477,0.0,,weak_reference_native_likeness,False,no,rough wrong-drop control; known limitation if weakly separated,,,
JVS,low_f0_coverage_control,VOICEACTRESS100_014,クィーンズアベニューアルファに所属している。,jvs002,20,,False,insufficient_valid_mora_f0,0.1,2,2,,,,,,weak_reference_native_likeness,False,no,same content/timing with insufficient F0 coverage,,,
JVS,jvs_native,VOICEACTRESS100_015,一方で、漁業と商業で、リャネス港は繁栄していた。,jvs002,28,80,True,,1.0,28,28,0.541,0.8026,0.6704,0.0,68,weak_reference_native_likeness,False,no,native audio scored without strict reference contour,,,
JVS,flat_pitch_control,VOICEACTRESS100_015,一方で、漁業と商業で、リャネス港は繁栄していた。,jvs002,28,9,True,,1.0,28,28,0.0,0.0,1.0,0.45,,weak_reference_native_likeness,False,no,same content/timing with flattened F0,,,
JVS,shuffled_random_pitch_control,VOICEACTRESS100_015,一方で、漁業と商業で、リャネス港は繁栄していた。,jvs002,28,46,True,,1.0,28,28,0.541,1.1571,0.3285,0.0,,weak_reference_native_likeness,False,no,same content/timing with shuffled F0,,,
JVS,wrong_accent_drop_control,VOICEACTRESS100_015,一方で、漁業と商業で、リャネス港は繁栄していた。,jvs002,28,75,True,,1.0,28,28,0.5367,0.8044,0.5857,0.0,,weak_reference_native_likeness,False,no,rough wrong-drop control; known limitation if weakly separated,,,
JVS,low_f0_coverage_control,VOICEACTRESS100_015,一方で、漁業と商業で、リャネス港は繁栄していた。,jvs002,28,,False,insufficient_valid_mora_f0,0.0714,2,2,,,,,,weak_reference_native_likeness,False,no,same content/timing with insufficient F0 coverage,,,
JVS,jvs_native,VOICEACTRESS100_016,この、ニューサウスウェールズ代表チームが、ワラビーズの中核となって行く。,jvs002,35,95,True,,1.0,35,35,0.5558,0.5138,0.8287,0.0,79,weak_reference_native_likeness,False,no,native audio scored without strict reference contour,,,
JVS,flat_pitch_control,VOICEACTRESS100_016,この、ニューサウスウェールズ代表チームが、ワラビーズの中核となって行く。,jvs002,35,9,True,,1.0,35,35,0.0,0.0,1.0,0.45,,weak_reference_native_likeness,False,no,same content/timing with flattened F0,,,
JVS,shuffled_random_pitch_control,VOICEACTRESS100_016,この、ニューサウスウェールズ代表チームが、ワラビーズの中核となって行く。,jvs002,35,47,True,,1.0,35,35,0.5558,1.1372,0.3586,0.0,,weak_reference_native_likeness,False,no,same content/timing with shuffled F0,,,
JVS,wrong_accent_drop_control,VOICEACTRESS100_016,この、ニューサウスウェールズ代表チームが、ワラビーズの中核となって行く。,jvs002,35,91,True,,1.0,35,35,0.5641,0.5793,0.7466,0.0,,weak_reference_native_likeness,False,no,rough wrong-drop control; known limitation if weakly separated,,,
JVS,low_f0_coverage_control,VOICEACTRESS100_016,この、ニューサウスウェールズ代表チームが、ワラビーズの中核となって行く。,jvs002,35,,False,insufficient_valid_mora_f0,0.0571,2,2,,,,,,weak_reference_native_likeness,False,no,same content/timing with insufficient F0 coverage,,,
JVS,jvs_native,VOICEACTRESS100_017,ただし、ギャンブル依存症の入院治療を行っている病院は、わずかである。,jvs002,37,86,True,,1.0,37,37,0.5362,0.6903,0.6546,0.0,70,weak_reference_native_likeness,False,no,native audio scored without strict reference contour,,,
JVS,flat_pitch_control,VOICEACTRESS100_017,ただし、ギャンブル依存症の入院治療を行っている病院は、わずかである。,jvs002,37,9,True,,1.0,37,37,0.0,0.0,1.0,0.45,,weak_reference_native_likeness,False,no,same content/timing with flattened F0,,,
JVS,shuffled_random_pitch_control,VOICEACTRESS100_017,ただし、ギャンブル依存症の入院治療を行っている病院は、わずかである。,jvs002,37,50,True,,1.0,37,37,0.5362,1.0938,0.3523,0.0,,weak_reference_native_likeness,False,no,same content/timing with shuffled F0,,,
JVS,wrong_accent_drop_control,VOICEACTRESS100_017,ただし、ギャンブル依存症の入院治療を行っている病院は、わずかである。,jvs002,37,85,True,,1.0,37,37,0.5466,0.6874,0.6432,0.0,,weak_reference_native_likeness,False,no,rough wrong-drop control; known limitation if weakly separated,,,
JVS,low_f0_coverage_control,VOICEACTRESS100_017,ただし、ギャンブル依存症の入院治療を行っている病院は、わずかである。,jvs002,37,,False,insufficient_valid_mora_f0,0.0541,2,2,,,,,,weak_reference_native_likeness,False,no,same content/timing with insufficient F0 coverage,,,
JVS,jvs_native,VOICEACTRESS100_018,他のメジャーなディストリビューションに比べ、セキュリティー上の問題の修正が、遅い場合もある。,jvs002,45,94,True,,1.0,45,45,0.4599,0.5523,0.7962,0.0,67,weak_reference_native_likeness,False,no,native audio scored without strict reference contour,,,
JVS,flat_pitch_control,VOICEACTRESS100_018,他のメジャーなディストリビューションに比べ、セキュリティー上の問題の修正が、遅い場合もある。,jvs002,45,9,True,,1.0,45,45,0.0,0.0,1.0,0.45,,weak_reference_native_likeness,False,no,same content/timing with flattened F0,,,
JVS,shuffled_random_pitch_control,VOICEACTRESS100_018,他のメジャーなディストリビューションに比べ、セキュリティー上の問題の修正が、遅い場合もある。,jvs002,45,46,True,,1.0,45,45,0.4599,1.2047,0.2615,0.0,,weak_reference_native_likeness,False,no,same content/timing with shuffled F0,,,
JVS,wrong_accent_drop_control,VOICEACTRESS100_018,他のメジャーなディストリビューションに比べ、セキュリティー上の問題の修正が、遅い場合もある。,jvs002,45,91,True,,1.0,45,45,0.4352,0.5887,0.7681,0.0,,weak_reference_native_likeness,False,no,rough wrong-drop control; known limitation if weakly separated,,,
JVS,low_f0_coverage_control,VOICEACTRESS100_018,他のメジャーなディストリビューションに比べ、セキュリティー上の問題の修正が、遅い場合もある。,jvs002,45,,False,insufficient_valid_mora_f0,0.0444,2,2,,,,,,weak_reference_native_likeness,False,no,same content/timing with insufficient F0 coverage,,,
JVS,jvs_native,VOICEACTRESS100_019,ベルガートーア前の、ヴェディゲンウーファーパークには、戦争と弾圧の犠牲者のための記念碑が建っている。,jvs002,51,94,True,,1.0,51,51,0.5003,0.5485,0.7773,0.0,71,weak_reference_native_likeness,False,no,native audio scored without strict reference contour,,,
JVS,flat_pitch_control,VOICEACTRESS100_019,ベルガートーア前の、ヴェディゲンウーファーパークには、戦争と弾圧の犠牲者のための記念碑が建っている。,jvs002,51,9,True,,1.0,51,51,0.0,0.0,1.0,0.45,,weak_reference_native_likeness,False,no,same content/timing with flattened F0,,,
JVS,shuffled_random_pitch_control,VOICEACTRESS100_019,ベルガートーア前の、ヴェディゲンウーファーパークには、戦争と弾圧の犠牲者のための記念碑が建っている。,jvs002,51,46,True,,1.0,51,51,0.5003,1.0765,0.3019,0.0,,weak_reference_native_likeness,False,no,same content/timing with shuffled F0,,,
JVS,wrong_accent_drop_control,VOICEACTRESS100_019,ベルガートーア前の、ヴェディゲンウーファーパークには、戦争と弾圧の犠牲者のための記念碑が建っている。,jvs002,51,89,True,,1.0,51,51,0.5269,0.7011,0.679,0.0,,weak_reference_native_likeness,False,no,rough wrong-drop control; known limitation if weakly separated,,,
JVS,low_f0_coverage_control,VOICEACTRESS100_019,ベルガートーア前の、ヴェディゲンウーファーパークには、戦争と弾圧の犠牲者のための記念碑が建っている。,jvs002,51,,False,insufficient_valid_mora_f0,0.0392,2,2,,,,,,weak_reference_native_likeness,False,no,same content/timing with insufficient F0 coverage,,,
JVS,jvs_native,VOICEACTRESS100_020,全米パブリッシャーズ協会の、ベストストラテジーゲームオブザイヤーを、日本人として受賞。,jvs002,47,91,True,,1.0,47,47,0.5204,0.471,0.7834,0.0,72,weak_reference_native_likeness,False,no,native audio scored without strict reference contour,,,
JVS,flat_pitch_control,VOICEACTRESS100_020,全米パブリッシャーズ協会の、ベストストラテジーゲームオブザイヤーを、日本人として受賞。,jvs002,47,9,True,,1.0,47,47,0.0,0.0,1.0,0.45,,weak_reference_native_likeness,False,no,same content/timing with flattened F0,,,
JVS,shuffled_random_pitch_control,VOICEACTRESS100_020,全米パブリッシャーズ協会の、ベストストラテジーゲームオブザイヤーを、日本人として受賞。,jvs002,47,49,True,,1.0,47,47,0.5204,1.0837,0.3254,0.0,,weak_reference_native_likeness,False,no,same content/timing with shuffled F0,,,
JVS,wrong_accent_drop_control,VOICEACTRESS100_020,全米パブリッシャーズ協会の、ベストストラテジーゲームオブザイヤーを、日本人として受賞。,jvs002,47,91,True,,1.0,47,47,0.5349,0.4954,0.7662,0.0,,weak_reference_native_likeness,False,no,rough wrong-drop control; known limitation if weakly separated,,,
JVS,low_f0_coverage_control,VOICEACTRESS100_020,全米パブリッシャーズ協会の、ベストストラテジーゲームオブザイヤーを、日本人として受賞。,jvs002,47,,False,insufficient_valid_mora_f0,0.0426,2,2,,,,,,weak_reference_native_likeness,False,no,same content/timing with insufficient F0 coverage,,,
JVS,jvs_native,VOICEACTRESS100_021,痛みは、点滴より鎮痛薬を、静脈投与することで、鎮痛を行う。,jvs002,38,91,True,,0.9737,37,37,0.4353,0.6675,0.7484,0.0,77,weak_reference_native_likeness,False,no,native audio scored without strict reference contour,,,
JVS,flat_pitch_control,VOICEACTRESS100_021,痛みは、点滴より鎮痛薬を、静脈投与することで、鎮痛を行う。,jvs002,38,9,True,,0.9737,37,37,0.0,0.0,1.0,0.45,,weak_reference_native_likeness,False,no,same content/timing with flattened F0,,,
JVS,shuffled_random_pitch_control,VOICEACTRESS100_021,痛みは、点滴より鎮痛薬を、静脈投与することで、鎮痛を行う。,jvs002,38,45,True,,0.9737,37,37,0.4353,1.2913,0.2219,0.0,,weak_reference_native_likeness,False,no,same content/timing with shuffled F0,,,
JVS,wrong_accent_drop_control,VOICEACTRESS100_021,痛みは、点滴より鎮痛薬を、静脈投与することで、鎮痛を行う。,jvs002,38,91,True,,1.0,38,38,0.4955,0.6899,0.6891,0.0,,weak_reference_native_likeness,False,no,rough wrong-drop control; known limitation if weakly separated,,,
JVS,low_f0_coverage_control,VOICEACTRESS100_021,痛みは、点滴より鎮痛薬を、静脈投与することで、鎮痛を行う。,jvs002,38,,False,insufficient_valid_mora_f0,0.0526,2,2,,,,,,weak_reference_native_likeness,False,no,same content/timing with insufficient F0 coverage,,,
JVS,jvs_native,VOICEACTRESS100_022,このときに、浮遊大陸プルヴァマにある、中立国、ビュエルバが、ある情報筋から、バッシュ将軍の処刑と、前王女、アーシェの自害を発表。,jvs002,69,82,True,,0.9855,68,68,0.5192,0.8476,0.6218,0.0,64,weak_reference_native_likeness,False,no,native audio scored without strict reference contour,,,
JVS,flat_pitch_control,VOICEACTRESS100_022,このときに、浮遊大陸プルヴァマにある、中立国、ビュエルバが、ある情報筋から、バッシュ将軍の処刑と、前王女、アーシェの自害を発表。,jvs002,69,9,True,,0.9855,68,68,0.0,0.0,1.0,0.45,,weak_reference_native_likeness,False,no,same content/timing with flattened F0,,,
JVS,shuffled_random_pitch_control,VOICEACTRESS100_022,このときに、浮遊大陸プルヴァマにある、中立国、ビュエルバが、ある情報筋から、バッシュ将軍の処刑と、前王女、アーシェの自害を発表。,jvs002,69,50,True,,0.9855,68,68,0.5192,1.1006,0.3484,0.0,,weak_reference_native_likeness,False,no,same content/timing with shuffled F0,,,
JVS,wrong_accent_drop_control,VOICEACTRESS100_022,このときに、浮遊大陸プルヴァマにある、中立国、ビュエルバが、ある情報筋から、バッシュ将軍の処刑と、前王女、アーシェの自害を発表。,jvs002,69,77,True,,0.9855,68,68,0.5363,0.8537,0.5603,0.0,,weak_reference_native_likeness,False,no,rough wrong-drop control; known limitation if weakly separated,,,
JVS,low_f0_coverage_control,VOICEACTRESS100_022,このときに、浮遊大陸プルヴァマにある、中立国、ビュエルバが、ある情報筋から、バッシュ将軍の処刑と、前王女、アーシェの自害を発表。,jvs002,69,,False,insufficient_valid_mora_f0,0.029,2,2,,,,,,weak_reference_native_likeness,False,no,same content/timing with insufficient F0 coverage,,,
JVS,jvs_native,VOICEACTRESS100_023,南西部ウォーレンは、ベイアーマンファームズと、フィッツジェラルドの地区で、構成される。,jvs002,39,92,True,,0.9744,38,38,0.5354,0.7025,0.6939,0.0,56,weak_reference_native_likeness,False,no,native audio scored without strict reference contour,,,
JVS,flat_pitch_control,VOICEACTRESS100_023,南西部ウォーレンは、ベイアーマンファームズと、フィッツジェラルドの地区で、構成される。,jvs002,39,9,True,,0.9744,38,38,0.0,0.0,1.0,0.45,,weak_reference_native_likeness,False,no,same content/timing with flattened F0,,,
JVS,shuffled_random_pitch_control,VOICEACTRESS100_023,南西部ウォーレンは、ベイアーマンファームズと、フィッツジェラルドの地区で、構成される。,jvs002,39,55,True,,0.9744,38,38,0.5354,1.121,0.419,0.0,,weak_reference_native_likeness,False,no,same content/timing with shuffled F0,,,
JVS,wrong_accent_drop_control,VOICEACTRESS100_023,南西部ウォーレンは、ベイアーマンファームズと、フィッツジェラルドの地区で、構成される。,jvs002,39,88,True,,0.9744,38,38,0.5922,0.7295,0.6416,0.0,,weak_reference_native_likeness,False,no,rough wrong-drop control; known limitation if weakly separated,,,
JVS,low_f0_coverage_control,VOICEACTRESS100_023,南西部ウォーレンは、ベイアーマンファームズと、フィッツジェラルドの地区で、構成される。,jvs002,39,,False,insufficient_valid_mora_f0,0.0513,2,2,,,,,,weak_reference_native_likeness,False,no,same content/timing with insufficient F0 coverage,,,
JVS,jvs_native,VOICEACTRESS100_024,このため、プラズマ中のイオンや、電子の持つ、平均運動エネルギーを、温度で表現することがある。,jvs002,50,94,True,,1.0,50,50,0.5896,0.5481,0.7922,0.0,73,weak_reference_native_likeness,False,no,native audio scored without strict reference contour,,,
JVS,flat_pitch_control,VOICEACTRESS100_024,このため、プラズマ中のイオンや、電子の持つ、平均運動エネルギーを、温度で表現することがある。,jvs002,50,9,True,,1.0,50,50,0.0,0.0,1.0,0.45,,weak_reference_native_likeness,False,no,same content/timing with flattened F0,,,
JVS,shuffled_random_pitch_control,VOICEACTRESS100_024,このため、プラズマ中のイオンや、電子の持つ、平均運動エネルギーを、温度で表現することがある。,jvs002,50,49,True,,1.0,50,50,0.5896,1.1821,0.336,0.0,,weak_reference_native_likeness,False,no,same content/timing with shuffled F0,,,
JVS,wrong_accent_drop_control,VOICEACTRESS100_024,このため、プラズマ中のイオンや、電子の持つ、平均運動エネルギーを、温度で表現することがある。,jvs002,50,80,True,,1.0,50,50,0.5421,0.7431,0.6253,0.0,,weak_reference_native_likeness,False,no,rough wrong-drop control; known limitation if weakly separated,,,
JVS,low_f0_coverage_control,VOICEACTRESS100_024,このため、プラズマ中のイオンや、電子の持つ、平均運動エネルギーを、温度で表現することがある。,jvs002,50,,False,insufficient_valid_mora_f0,0.04,2,2,,,,,,weak_reference_native_likeness,False,no,same content/timing with insufficient F0 coverage,,,
JANON,janon_japanese,audio/jpf1/isolated/jpf1_i72.wav,怖く,jpf1,3,54,True,,1.0,,,0.193,1.0734,0.4911,,81,weak_reference_native_likeness,False,no,small JANON trend sanity; not calibration,Japanese,72,cached_dtw
JANON,janon_japanese,audio/jpf1/isolated/jpf1_i66.wav,ゆったり,jpf1,4,76,True,,1.0,,,0.8326,0.9479,0.6319,,98,weak_reference_native_likeness,False,no,small JANON trend sanity; not calibration,Japanese,75,cached_dtw
JANON,janon_japanese,audio/jpf1/isolated/jpf1_i99.wav,がっしり,jpf1,4,81,True,,1.0,,,0.5985,0.8116,0.7212,,52,weak_reference_native_likeness,False,no,small JANON trend sanity; not calibration,Japanese,78,cached_dtw
JANON,janon_japanese,audio/jpf1/isolated/jpf1_i5.wav,バグ,jpf1,2,,False,insufficient_valid_mora_f0,1.0,,,,,,,50,weak_reference_native_likeness,False,no,small JANON trend sanity; not calibration,Japanese,76,cached_dtw
JANON,janon_japanese,audio/jpf1/isolated/jpf1_i153.wav,象,jpf1,2,,False,insufficient_valid_mora_f0,1.0,,,,,,,50,weak_reference_native_likeness,False,no,small JANON trend sanity; not calibration,Japanese,65,cached_dtw
JANON,janon_japanese,audio/jpf1/isolated/jpf1_i147.wav,戸,jpf1,1,,False,insufficient_valid_mora_f0,1.0,,,,,,,50,weak_reference_native_likeness,False,no,small JANON trend sanity; not calibration,Japanese,65,cached_dtw
JANON,janon_english,audio/amm1/isolated/amm1_i74.wav,ばっちり,amm1,4,10,True,,0.75,,,0.0621,2.3822,0.9118,,81,weak_reference_native_likeness,False,no,small JANON trend sanity; not calibration,English,68,cached_dtw
JANON,janon_english,audio/amm1/isolated/amm1_i60.wav,酸味,amm1,3,,False,insufficient_valid_mora_f0,0.6667,,,,,,,50,weak_reference_native_likeness,False,no,small JANON trend sanity; not calibration,English,94,cached_dtw
JANON,janon_english,audio/amm1/isolated/amm1_i48.wav,微妙,amm1,3,43,True,,1.0,,,0.1159,1.2113,0.8558,,32,weak_reference_native_likeness,False,no,small JANON trend sanity; not calibration,English,70,cached_dtw
JANON,janon_english,audio/amm1/isolated/amm1_i218.wav,入学手続き,amm1,8,81,True,,0.875,,,0.2083,0.8146,0.5795,,51,weak_reference_native_likeness,False,no,small JANON trend sanity; not calibration,English,74,cached_dtw
JANON,janon_english,audio/amm1/isolated/amm1_i191.wav,技術援助,amm1,6,77,True,,0.8333,,,0.1976,0.7739,0.6344,,48,weak_reference_native_likeness,False,no,small JANON trend sanity; not calibration,English,83,cached_dtw
JANON,janon_english,audio/amm1/isolated/amm1_i185.wav,ファンタジーゲーム,amm1,8,95,True,,0.875,,,0.2159,0.5713,0.8389,,63,weak_reference_native_likeness,False,no,small JANON trend sanity; not calibration,English,87,cached_dtw
